id,title,name,category,material,brand,price,rating,reviewsCount,description,url,img_url,inStock,inStockText
B0CWH366KJ,"Agfabric Natural Jute Erosion Control, 16yard(50 feet Long) Jute Netting -8ft Wide Soil Saver Mesh Blanket-400 Sq.Ft.Coverage",Weed Barrier Fabric,"Patio, Lawn & Garden",,Agfabric,$87.3,,,"Protect your yard and garden with our biodegradable erosion control fabric, made from natural jute fibers. > Prevent soil erosion and promote healthy plant growth with our erosion control blanket with seed. > Use our burlap rolls for gardening and landscaping projects such as weed barriers, tree and plant protection, and more. > Our erosion control products, including jute netting and burlap material, are perfect for hillside stabilization and erosion prevention. > Keep deer and other animals out of your garden beds with our sturdy deer fence and natural burlap blankets.",https://www.amazon.com/dp/B0CWH366KJ,https://m.media-amazon.com/images/I/71t3FD5KjHL.__AC_SY445_SX342_QL70_ML2_.jpg,True,Only 5 left in stock - order soon.
B086L692VC,SAFAVIEH Braided Collection 4' Round Light Blue/Gold BRD910H Handmade Country Cottage Reversible Jute Area Rug,Area Rugs,Home & Kitchen,"50%jute, 25% Wool, 25% Cotton",Safavieh,$40.63,4.2,59.0,"Country style is perfect for a casual cottage setting to add shabby chic charm > Meticulously detailed artisan crafted hand-woven construction > Made from softened premium natural jute fiber > Medium 0.5-inch pile thickness for a sleek look and support underfoot > Construction Type:Hand Made. Product Note:Rugs may contain temporary creases upon arrival, allow time for creases to flatten and settle",https://www.amazon.com/dp/B086L692VC,https://m.media-amazon.com/images/I/A1Q73Cheh2S.__AC_SX300_SY300_QL70_ML2_.jpg,True,Only 3 left in stock - order soon.
B01J6JELTG,Eyeseals 4.0 Sleep Mask – Clear – Moisturizing Eye Masks for Sleep Keep Dry Air Out – Latex-Free Eye Mask Great for CPAP Users,Sleeping Masks,Health & Household,Plastic,EYEECO,$65.95,3.7,1075.0,"Locks moisture in: Eyeseals 4.0 eye mask for dry eyes works to create a moisture-rich environment for the eyes, eyelids and surrounding skin; soft sleep eye mask is fitted with an adjustable microfiber head wrap to comfortably lock moisture in > Keeps dryness out: Our eye mask for sleeping helps relieve dry eye due to leaking CPAP machines, lagophthalmos, floppy eye, comprised lid seal and more; moisturizing sleeping eye mask keeps air out to deliver comfortable rest and sleep > Crafted for comfort: This soft eye mask for sleep is designed to stay on during the night, so it makes a great sleep mask for side sleeper and back sleeper positions; our sleep eye mask gently rests over the orbital bones, leaving room to blink > Quality materials: Eyeseals soft sleep masks are made from flexible medical grade thermal plastic that helps create a hydrating environment for the eyes; our sleep mask for dry eyes is hypoallergenic and latex-free > Doctor recommended: EyeEco is part PVG (PRN Vision Group), a complete line of eye care products; more than 4,000 ophthalmologists and optometrists recommend PVG products to their patients",https://www.amazon.com/dp/B01J6JELTG,https://m.media-amazon.com/images/I/61Uz393xlpL.__AC_SY300_SX300_QL70_ML2_.jpg,True,
B07HQSKK36,"Lucky Monet 25/50/100PCS Burlap Gift Bags Wedding Hessian Jute Bags Linen Jewelry Pouches with Drawstring for Birthday, Party, Wedding Favors, Present, Art and DIY Craft (100Pcs, Coffee, 4” x 6”)",Gift Bags,Health & Household,Burlap,Lucky Monet,$29.99,4.6,2492.0,"❤ Premium Burlap Material❤ These small burlap bags are crafted from top-quality burlap, ensuring exceptional durability. The natural texture adds a rustic charm, making your gifts even more special > ❤ Elaborately Crafted❤ Each burlap gift bag is meticulously sewn by hand. We've incorporated a soft protective layer as the inner lining, which can prevent scratching or keeping items clean when storing > ❤ Effortless Drawstring Closure❤ Our burlap bags feature a user-friendly drawstring design, allowing for easy opening and secure closure. This thoughtful feature not only provides convenient access to your items but also guarantees excellent protection, preventing any potential loss > ❤ Ideal Size for Versatile Use❤ Burlap gift bags are available in different sizes: 3"" x 4"", 4"" x 6"", 5"" x 7"", 7"" x 9"" for you to choose (PLEASE NOTE THAT the size is overall length, the demension from the top of bag to drawstring line is approx 1""-1.2"", please notice the inside usable space before purchase) > ❤ Versatility for Various Occasions❤ These burlap bags with drawstring are an exceptional choice for wedding favor gift, crafting DIY projects, home use, travelling, birthday, party, bridal shower, and any other occasions, add a touch of rustic elegance!",https://www.amazon.com/dp/B07HQSKK36,https://m.media-amazon.com/images/I/71DrHIU1aML.__AC_SX300_SY300_QL70_ML2_.jpg,True,In Stock  In Stock
B0C3Y8WJDR,"St. Boniface Bag Company | Burlap Bags - Size: 13x24"" | Burlap Sand bags for Flooding & Tent Bags | Potato Bag | Jute Bag | Biodegradable sandbags | 25 lbs Weight Capacity 7.5 oz Material (5)",Grow Bags,"Patio, Lawn & Garden",5.0 Count,Generic,$29.99,4.4,11.0,"100% Burlap > 100% BIODEGRADABLE AND ECO FRIENDLY: Made from natural jute plants, St. Boniface Bag Company Burlap Bags are environmentally friendly and biodegradable, leaving zero trash in landfills. > ULTIMATE FLOOD AND STORM PROTECTION: St. Boniface Bag Company's Sand Bags provide effective building blocks for quick dams and flood barriers to protect homes and businesses. > MULTIPLE USES: St. Boniface Bag Company's Burlap Bags are versatile, convenient, and can be used for landscaping, construction, storage, and anchoring. They are industry standard as Potato Bags! > MILITARY GRADE: With double-stitched bottoms and a 50lb weight capacity, St. Boniface Bag Company's Burlap Sandbags are built to withstand harsh elements and heavy use.",https://www.amazon.com/dp/B0C3Y8WJDR,https://m.media-amazon.com/images/I/81q3el899UL.__AC_SY300_SX300_QL70_ML2_.jpg,True,In Stock
B0D9KSYPWF,"100% Biodegradable Erosion Control Blanket - Straw/Coconut Erosion Control Blanket, Straw Garden and Landscape Cover, Erosion Control Blanket, Straw Blanket, Erosion Control (5' x 112.5')",Weed Barrier Fabric,"Patio, Lawn & Garden",,Farm Plastic Supply,$130.99,4.8,13.0,"100% Biodegradable - The Material and Netting in this Blanket is 100% Biodegradable. Both the agricultural Wheat Straw and Coconut Fibers are 100% Biodegradable and they are held together by a Biodegradable Brown Poly Net that will biodegrade after 90 days. > 70% Straw - Our 100% Biodegradable Straw/Coconut Erosion Control Blankets are a temporary rolled erosion control product composed of 70% agricultural wheat straw. > 30% Coconut Fiber - Our 100% Biodegradable Straw/Coconut Erosion Control Blankets are a temporary rolled erosion control product composed of 30% organic coconut fiber. > Germination: Our Erosion Control Blankets also aid in the germination of newly planted seeds by shielding seeds from erosion and harsh weather which makes it easier for them to grow. > Versatile: Erosion Control Blankets are very versatile as they are widely used on riverbeds, hills, culvert inlets and outfalls, and channel and ditch linings. They are great for construction projects as well as they are a contractors dream.",https://www.amazon.com/dp/B0D9KSYPWF,https://m.media-amazon.com/images/I/71jfXXjGGKL.__AC_SY300_SX300_QL70_ML2_.jpg,True,In Stock  In Stock
B08S6XG2GB,"Body Restore Shower Steamers Aromatherapy 30 Pack - Easter Basket Stuffers, Relaxation Birthday Gifts for Mom, Dad, Best Friend, Travel Essentials, Stress Relief, Self Care - Collector’s Box",Shower Steamers,Beauty & Personal Care,Body Restore,Body Restore,$69.99,4.4,1592.0,"30 Scents Variety Pack: Infused with natural essential oils. Includes eucalyptus, citrus, lavender, rose, tea tree, milk & honey, chamomile, and more. Perfect as birthday gifts for women or men! > A Deluxe Home Spa Experience: Lasting longer than typical shower steamers, our set is a must-have for women who want to restore and relax naturally. Ideal for bridal, self-care, or new mom gifts. > Wash Away Stress and Fatigue: Melt away the day’s stress with our relaxing shower bombs. Great for teacher appreciation, dad gifts, or postpartum care packages for women. > Travel Essentials: Compact and convenient, these steamers are travel must-haves for on-the-go relaxation. Perfect for college students, graduation gifts, or unique spa gifts. > Surprise Loved Ones: Spoil your loved ones with thoughtful gifts. Ideal for Christmas stockings, Valentine’s, or Mother’s Day, whether for your wife, husband, coworker, or as white elephant gifts.",https://www.amazon.com/dp/B08S6XG2GB,https://m.media-amazon.com/images/I/71sI0Bkas5L.__AC_SX300_SY300_QL70_ML2_.jpg,True,In Stock  In Stock
B09TSH933X,Pandahall 5 Rolls Burlap Ribbon Fabric 1/4 Inch Tan Flat Hessian Jute Ribbon Rolls Crafts with Spool for Wrapping Party Home Decoration,Ribbons,"Arts, Crafts & Sewing",PH PandaHall,PH PandaHall,$12.98,4.7,477.0,"Size: about 1/4 inch(6.5mm) wide, about 10.94 yards(10m)/Roll, total 5 rolls. > Material: These jute ribbons are made of burlap, they are breathable and refreshing, soft and comfortable, washable and sun-resistant. > Easy to Use: You can use scissors to cut out the length you need. Classic natural color will always be in style and they are suitable for decorating most items. > Widely Used: These tan ribbons can be used to decorate handbags, wreath, garden, garments, party, home, etc. Also good for wrapping gifts, scrapbooks, bouquet and so on. > Tips: total 5 rolls 10.94 yards tan ribbons. The abundant quantity is enough for daily using. They can be used as a variety of handicrafts and meet your many DIY need.",https://www.amazon.com/dp/B09TSH933X,https://m.media-amazon.com/images/I/718fYZmX9uL.__AC_SX300_SY300_QL70_ML2_.jpg,True,In Stock
B0DHFSGNKC,"Curtain Holdbacks Boho Tiebacks for Drapes, Farmhouse Jute Rope Tie Backs with Rustic Wood Club, Curtain Accessories Holders for Indoor Outdoor Use, Set of 4",Holdbacks,Home & Kitchen,WARMTONE,WARMTONE,$19.95,4.5,149.0,"Unique Design: The exquisite curtain tie is made from natural jute rope, white cotton ribbon, and wood club, all these are environmentally friendly materials. > Size Infos: Jute tie length is 10 inches (25cm), the wood club for 7.9 inches (20cm). Perfect suitable for curtains' width between 40-60 inches. > Easy to Use: Reliable and easy to use. No need to install hardware or put any holes in the wall. No nails, no hooks, so you can quickly disassemble and fix the drapes. > Indoor Outdoor Fit: The rustic and boho look make it such a difference to fit into the farmhouse, living room, bedroom, kitchen, and dining room, even outdoor pergola. > Gift Option - What a great idea to have farmhouse handmade tiebacks instead of the normal ropes. The elegant design, exquisite craft, and linen rustic look will be a nice choice for housewarming presents.",https://www.amazon.com/dp/B0DHFSGNKC,https://m.media-amazon.com/images/I/91OQZkPqdJL.__AC_SX300_SY300_QL70_ML2_.jpg,True,In Stock
B0DK3BDRJG,"VEVOR Burlap Fabric Roll, 14” x 150 ft High Density Natural Jute Fiber Material for Outdoor Plant Care, Tree Wrap Roll, Decor, DIY Crafts, Wedding, Garden Weed Barrier, Plants & Trees Winter Covering",Weed Barrier Fabric,"Patio, Lawn & Garden",,VEVOR,$39.99,4.7,51.0,"Biodegradable Material: This burlap roll is made from 100% natural hemp fibers, ensuring a healthy and environmentally friendly choice. It's durable and fading-resistant, keeping its charm for years. Don't worry if you notice a scent - it's normal because natural burlap fibers have a unique smell! > Sturdy and Durable: This burlap fabric roll is not just a decorative piece; it's a reliable companion. With a solid density of 50 x 50 and a weight of 270 g, it's built to last. It avoids wearing and tearing, giving you a beautiful look for your decoration without worrying about quick deterioration. > Home Decoration: Unleash your creativity with this roll of burlap! It's not just a roll, it's a canvas for your imagination. From crafting placemats, bows, wreaths, Christmas ribbons, to making gift bags, it's the ideal material to add a charming touch to your kitchen and home. Burlap material's natural texture brings a cozy, country vibe to any event or home space. It adds a warm, vintage feel that will impress your guests. > Widely Used for Home and Garden: Made from natural jute plant, the fibers are woven, durable, breathable, thick that could be widely used and perfect for your home decoration, creative DIY crafts and outdoor gardening projects, including handicrafts, weddings or parties décor, landscape burlap, plant winter covering, tree wrap rolls for shrubs, fruit trees, plants transplant and protection, landscaping needs, agriculture, soil erosion control blanket, weed barrier, sackcloth, etc. > Generous Size: With a size of 14 inches wide (355 mm) and 150 feet long (45.7 m), this burlap roll is ideal for all your big projects. Whether it's for weddings, parties, or gardening, you'll have plenty of material for hassle-free decorating without the need for awkward seams.",https://www.amazon.com/dp/B0DK3BDRJG,https://m.media-amazon.com/images/I/81io54RXqOL.__AC_SX300_SY300_QL70_ML2_.jpg,True,In Stock
B0CJF5XL35,"200 Pack 8x4.75x10 Inch Medium Brown Paper Bags with Handles Bulk, Joybe Kraft Paper Gift Bags for Birthday Party Favors Grocery Retail Shopping Business Goody Craft Blank Sacks (Plain Natural 200pcs)",Gift Bags,Health & Household,Paper,Joybe,$45.99,4.8,127.0,"Medium Size Gift Bags: These kraft paper bags measure 8 inches in length, 4.75 inches in width, and 10 inches in height. They are highly suitable for various occasions such as Valentine's Day gifts, shopping trips, holiday presents, party favors, retail packaging, merchandise storage, and wedding welcome bags. > Rugged & Durable: Crafted from sturdy 110g kraft paper material, these gift bags possess exceptional durability and can withstand a weight of up to 6 pounds. This ensures they meet the demands of your daily life activities. > Eco-friendly Paper Bags: Made entirely from recycled paper materials that are biodegradable and recyclable without emitting any unpleasant odors. Additionally, their appearance exudes elegance when used as gift bags. > Unleash Your Creativity: The gift paper bag is blank. You have the freedom to add your desired logo or patterns through DIY customization. Unleash your imagination and creativity to make them truly unique. > Shopping Worry-free: If you encounter any issues with our gift bags or if you're not completely happy with your purchase experience for any reason whatsoever, please feel free to email us so we can promptly resolve it for you.",https://www.amazon.com/dp/B0CJF5XL35,https://m.media-amazon.com/images/I/715Rw-2on5L.__AC_SX300_SY300_QL70_ML2_.jpg,True,In Stock  In Stock
B08RNJ1K7W,"12 Black Basket Tags, Acrylic Label Holders for Storage Bins, Hanging Labels with Jute String, Personalized Gift Tag",Key Tags,Office Products,Acrylic,SAVVY & SORTED,$16.99,4.6,349.0,"HOME & PANTRY ORGANIZATION - 12 BLANK Acrylic Organizing Tags with 156"" Natural Jute Twine String > PROFESSIONAL ORGANIZERS LOVE BASKET TAGS - Uplevel your home organization with label hanging tags to organize kitchen, office, closets, and toys > FIND IT FAST - Write directly on tags or use Preprinted Pantry Labels Stickers to identify what's inside > MODERNIZE YOUR HOME - Plenty of tags and string to fit wire baskets and large fabric storage bins > BLACK ACRYLIC BASKET LABEL TAGS - Perfect for a Farmhouse Labels or Minimalist Labels styled home",https://www.amazon.com/dp/B08RNJ1K7W,https://m.media-amazon.com/images/I/81k9HuyKYXL.__AC_SX300_SY300_QL70_ML2_.jpg,True,In Stock
B0DK2R7S12,"Tenn Well Natural Jute Twine, 1500 Feet 2mm Garden Twine, Brown Jute String for Arts and Crafts, Gardening, Gift Wrapping, Bundling, Recycling, Holiday Decorations",Twine,Tools & Home Improvement,Brown,Tenn Well,$12.99,4.6,5127.0,"Made from high quality jute fiber, this twine offers reliable performance for a range of gardening, crafting, and home organizing tasks, providing a natural, sturdy solution > EXTRA-lONG lENGTH - With a generous 1500 feet of twine, it offers ample material for tying plants, bundling, or creating beautiful decorations without frequent replacements > IDEAL THICKNESS - soft yet sturdy, the 2mm garden twine provides strength without causing damage to the items you're securing. Great for tying plants like tomatoes, cucumbers, or beans to stakes, trellises, or cages for better growth and support > WIDE APPLICATION - Perfect for gardening tasks like tying plants, vines, and trellises, this jute twine also excels in gift wrapping, crafting, bundling, home DIY projects, holiday decorations, offering endless creative possibilities > CONVENIENT TO USE - Packaged on a convenient coil, it's easy to use and won't get tangled, allowing you to cut any desired length effortlessly",https://www.amazon.com/dp/B0DK2R7S12,https://m.media-amazon.com/images/I/81hvOTRRbVL.__AC_SX300_SY300_QL70_ML2_.jpg,True,In Stock
B00VSXEVDU,"J & M Home Fashions Eco-Friendly Sturdy Rolled Natural Indoor/Outdoor Jute Rug, 22x60"", 1-Piece, Natural",Area Rugs,Home & Kitchen,100% Natural Jute Fiber,DII,$18.95,4.6,366.0,"100% Jute > Rug measures 22 x 60"" (approximately 0.5"" thick), made of durable 100% Jute, a shiny vegetable fiber spun into coarse threads. > SCRAPE DIRT & EASY CARE: Easily scrape off dirt, dust, grit, mud, grass or snow. > The Natural and Neutral tones fit with any home and office style and color. > 100% biodegradable; may be composted after its usable life.",https://www.amazon.com/dp/B00VSXEVDU,https://m.media-amazon.com/images/I/81J055W0D2L.__AC_SX300_SY300_QL70_ML2_.jpg,True,In Stock
B0CTMPVCB9,"HOMEMONDE Handcrafted Woven Rectangle Jute Rug - Rustic Braided Reversible Area Rug - Farmhouse Indoor Floor Rug - Eco Friendly Rug for Kitchen/Hallway/Living Room/Bedroom (Dark Grey Striped, 3'x5')",Area Rugs,Home & Kitchen,Jute,HOMEMONDE,$35.99,4.3,449.0,"100% Natural Jute: Crafted from premium jute fibers sourced from sustainable plants, our rugs are fully handmade and biodegradable. Each rug undergoes rigorous quality inspections to ensure durability and beauty, making it an eco-friendly addition to your home decor. > Exceptional Durability: Designed to last, our 60 x 36 inch rectangle jute rugs feature a superior braided texture that enhances their strength and longevity. Perfect for any space in your home, this stylish decor item is crafted with care for our valued customers, ensuring it looks great year after year. > Charming Braided Texture: Featuring a beautiful braided design, this rug effortlessly blends farmhouse, bohemian, and coastal aesthetics. It enhances a variety of decor styles, making it a versatile and stylish addition to any room in your home. > Sleek and Functional Design: With a 0.5-inch thickness, this rug is ideal for convenient placement in entryways and under furniture, ensuring it won’t obstruct doorways. Enjoy a stylish look without compromising on practicality! > Effortless Care for Lasting Beauty: To maintain your jute rug’s charm, vacuum 1 to 2 times a week using the suction-only attachment. For stains, gently blot the affected area with a clean, damp cloth. These simple steps will keep your rug looking gorgeous for years to come",https://www.amazon.com/dp/B0CTMPVCB9,https://m.media-amazon.com/images/I/81NbNpqeRWL.__AC_SX300_SY300_QL70_ML2_.jpg,True,Only 2 left in stock - order soon.
B0DND6VNPX,Vacuum Insulated Stainless Steel Double Wall Water Bottle Travel Coffee Mug - 40 oz Tumbler with Handle and Straw & 6PCS Cup Accessories for 40 oz Cup,Tumblers,Home & Kitchen,"Leak Proof, Lightweight, Non-Slip, Vacuum Insulated, Double Wall",Sanilinwild,$21.99,5.0,2.0,"【GOOD QUALITY】: This 40 Ounce Insulated Tumbler with Handle and straw is made of premium 18/8 food grade stainless steel with a powder paint coat finish that makes it durable scratch resistant and ensures the cup remains odor-free. Perfect for all your daily and travel needs! > 【Package Contents】: Everything you need is in the box.1PCS 40 Ounce Insulated Tumbler,Includes 1PCS water bottle strap, 1PCS rubber cup ring, 1PCS daisy straw cap, 1PCS water bottle boot, 1PCS butterfly key chain hanger . More than a carrying accessory, it's a trendy add-on to your bottle. > 【CUPHOLDER FRIENDLY】: The tapered design along with a comfortable ergonomic silicone handle makes this the perfect travel coffee cup or water tumbler! It fits in most cup holders and is built for everyday use, perfect at home, the office, the gym or on the go. Take us with you! > 【EARTH-FRIENDLY DURABILITY】: Made with 90% recycled BPA-free stainless steel, this tumbler offers a sustainable choice for enjoying your favorite drinks. The sturdy construction and reusable stainless steel straw support an eco-conscious lifestyle. > 【PERFECT GIFT FOR YOUR FAMILY AND FRIENDS】 - If you are looking for the perfect birthday or holiday gift, don't miss this 40 oz tumbler. This insulated iced coffee cup for sports, travel, driving and more.It can be a surprise gift for your family, friends, colleagues.",https://www.amazon.com/dp/B0DND6VNPX,https://m.media-amazon.com/images/I/61qHPD-Xr5L.__AC_SX300_SY300_QL70_ML2_.jpg,True,Only 3 left in stock - order soon.
B07YQL5B6N,Warhol Santa & Soup Cans - Reversible Holiday Wrapping Paper - Eco Gift Wrap Allport Editions x Wrappily,Gift Wrap Paper,Health & Household,Paper,Wrappily | Eco-friendly Gift Wrap Company,$15.95,4.4,441.0,"Eco wrapping paper with Pop Art Christmas patterns -- Warhol Santa & Soup Cans > 3 double-sided wrapping paper sheets (21.5"" x 34"") -- reversible coordinating patterns > Printed on premium-grade newsprint with soy-based inks > 100% recyclable & compostable; Made in the USA > Perfect Christmas wrapping paper for kids, families, men, teens, friends, co-workers, art-lovers",https://www.amazon.com/dp/B07YQL5B6N,https://m.media-amazon.com/images/I/71H4Rm0ZljL.__AC_SY300_SX300_QL70_ML2_.jpg,True,Only 2 left in stock - order soon.
B07B1QJ324,Trade Star Kilim Pillow Cover Ethnic Pillow Cover Home Decor Vintage Square 70% Jute 30% Wool Handwoven Pillow Case 18X18 Indian Cushions Decorative Pillow Sham Cushion Cover (Pattern 11),Throw Pillow Covers,Home & Kitchen,Pattern 11,Trade Star,$35.99,4.6,47.0,"70% Jute 30% Wool > PRODUCT SIZE: 18"" X 18"" Inches (45 X 45 Cms) Approx Square Cushion Cover > PRODUCT DETAIL: Jute Wool/ Kilim Pillow Covers With Thick Cotton Backing And Heavy Zipper Enclosure Pattern Made With Best Exports Quality Material. The package only includes 1 piece of cushion cover, filler/insert is not included. > USAGE: This lovely handmade cushion Cover made with the upmost quality craftsmanship is for anyone who prefers artistry and asymmetry. A beautiful Pillow Case to add traditional, yet modern comfort to any room. This decorative Throw Cover blends easily and effortlessly with existing furniture and accessories and could be used for car, chair, sofa, love seat cushions. > SUGGESTION : These cushion covers are best utilized Indoor is suggested. For initial weeks, shedding of material fibers is typical, and will decrease with time and use. Our Popular Life Home products are meticulously handmade by our artisans, this may result in a slight variation from one item to the next. Colors may slightly vary from shown images due to screen resolution.",https://www.amazon.com/dp/B07B1QJ324,https://m.media-amazon.com/images/I/81QHFFVYFGL.__AC_SX300_SY300_QL70_ML2_.jpg,True,Only 5 left in stock - order soon.
B0DF7Q9YGW,"2Pcs Black and White Heart Shaped Couple Toothbrushes,Eco Friendly Nano toothbrushes Dental Care Brush Manual Toothbrushes,Holiday Gifts for Couples,one Size,Oral Care,Toothbrushes and Accessories",Manual Toothbrushes,Health & Household,Lightweight,Seadiquiet,$6.99,4.0,1.0,1,https://www.amazon.com/dp/B0DF7Q9YGW,https://m.media-amazon.com/images/I/41-8E6oC5oL.__AC_SX300_SY300_QL70_ML2_.jpg,True,Only 17 left in stock - order soon.  Only 17 left in stock - order soon.
B0D5CYWZKS,"Meowy Catmas Wooden Christmas Ornament - Festive Cat-Themed Holiday Tree Decoration for Cat Lovers, Eco-Friendly Laser-Cut Keepsake",Hanging Ornaments,Home & Kitchen,,Donawings,$9.99,4.6,161.0,"Charming Cat Design - Features a snowflake shape adorned with cute cat illustrations and ""Meowy Catmas"" lettering in festive red. > Meowy Christmas Tree Ornament > High-Quality Craftsmanship - Made from premium eco-friendly wood with detailed laser-cut precision for a unique and durable ornament. > Perfect Holiday Decoration - Lightweight and easy to hang, this ornament adds a whimsical touch to any Christmas tree or holiday display. > Great Gift for Cat Lovers - A thoughtful and playful present for friends, family, or anyone who adores cats.",https://www.amazon.com/dp/B0D5CYWZKS,https://m.media-amazon.com/images/I/816WBUHcTaL.__AC_SX300_SY300_QL70_ML2_.jpg,True,In Stock
B08CXS94S1,"Christmas Gift Bags,40Pcs Santa Wrapping Bag in 4 Sizes and 4 Designs with Inserted Drawstring Ribbons and Tags for Wrapping Holiday",Gift Bags,Health & Household,Aluminized Polymer,WesGen,$26.99,4.8,1790.0,"Packaging includes - 40 x Xmas gift bags with inserted drawstring ribbons and 50 x gift tags.Dress up any gift in these classic, stylish bags and create a beautiful way to present your gift. > More convenient drawstring bags - Ribbons stay with bags.More convenient and time saving when wrapping gifts. > 4 different patterns in 4 sizes - Jumbo (21.6*16.5""), large (17*11.4""), medium (12.6*9.4"") and small sizes (8.6*6.3""). Perfect for all kinds of gifts. > Durability and reusable - Made from food grade aluminized polymer, these eco-friendly bags can be enough sturdy and reused by the person you give the gift to. > Application - Super Value Pack for Christmas Gift Wrapping. Perfect for Christmas Decoration, Christmas Gift Wrapping, Christmas Gift Decoration, Classrooms, Party Favors, Holiday Gift Extra-Special, Decorating Parties, Weddings, Christmas Trees, Wine Bottles and more.",https://www.amazon.com/dp/B08CXS94S1,https://m.media-amazon.com/images/I/71qqw4RQwYL.__AC_SX300_SY300_QL70_ML2_.jpg,True,In Stock
B08MYJBSCV,"ECO SOUL Compostable 8 Inch Palm Leaf Square Plates (50 Count) Like Bamboo Plates | Biodegradable | Eco-Friendly, Microwave & Oven Safe",Plates,Health & Household,Tan,ECO SOUL,$29.91,4.5,2013.0,"𝐄𝐂𝐎-𝐅𝐑𝐈𝐄𝐍𝐃𝐋𝐘 𝐀𝐍𝐃 𝐒𝐔𝐒𝐓𝐀𝐈𝐍𝐀𝐁𝐋𝐄: ECO SOUL palm leaf plates are made from naturally fallen palm leaves, making them a sustainable and environmentally friendly choice. > 𝐂𝐎𝐌𝐏𝐎𝐒𝐓𝐀𝐁𝐋𝐄 𝐀𝐍𝐃 𝐁𝐈𝐎𝐃𝐄𝐆𝐑𝐀𝐃𝐀𝐁𝐋𝐄: These plates are 100% compostable and biodegradable, ensuring they break down naturally without harming the environment. > 𝐒𝐀𝐅𝐄 𝐀𝐍𝐃 𝐍𝐎𝐍-𝐓𝐎𝐗𝐈𝐂: USDA BioPreferred Certified, free from harmful chemicals, BPA, dyes, and toxins; safe to dispose of without leaving harmful waste. > 𝐒𝐓𝐔𝐑𝐃𝐘 𝐀𝐍𝐃 𝐑𝐄𝐋𝐈𝐀𝐁𝐋𝐄: ECO SOUL plates are sturdy and reliable, able to hold up well against heavy and hot foods without bending or breaking. > 𝐌𝐈𝐂𝐑𝐎𝐖𝐀𝐕𝐄 𝐀𝐍𝐃 𝐎𝐕𝐄𝐍 𝐒𝐀𝐅𝐄: You can safely reheat food on these plates in the microwave or oven, providing convenience without compromising on quality.",https://www.amazon.com/dp/B08MYJBSCV,https://m.media-amazon.com/images/I/81WwmMLPlUL.__AC_SX300_SY300_QL70_ML2_.jpg,True,In Stock  Only 4 left in stock - order soon.
B0BJTW1KDZ,"Tenn Well 328 Feet 4mm Jute Twine, Thick Twine Rope for Crafts, Gift Wrapping, Bundling, Gardening, Christmas Decor and Macrame Projects",Twine,Tools & Home Improvement,Brown,Tenn Well,$16.99,4.7,3132.0,"NATURAL TWINE - Made of natural jute fiber, this twine string is biodegradable, soft and easy to work with. Great for making gift wrap, wrapping wine bottles, pots and planters to give a rustic touch > THICK TWINE - 4mm in thickness, the natural jute twine is twisted 4 strands without fraying and unraveling. It handles easily and holds knots tightly > LENGTH - 328 feet / 100 meters in length, the thick string is long enough to create several crafting projects > WIDE APPLICATION - The jute rope can be used to wrap presents, decorate mason jars. it’s also great for diy, arts and crafts, bundling, recycling, gardening applications, Thanksgiving and Christmas decorations > CONVENIENT TO USE - Packed on a coil, it’s convenient and won’t intertwined with each other. Easy to cut and tie things up",https://www.amazon.com/dp/B0BJTW1KDZ,https://m.media-amazon.com/images/I/81Oq0ORJNEL.__AC_SX300_SY300_QL70_ML2_.jpg,True,In Stock
B0977RVNXG,"DII Jute Burlap Collection Kitchen Tabletop, Table Runner, 14x108, Middle Stripe Artichoke",Table Runners,Home & Kitchen,"Table Runner, 14x108""",DII,$13.39,4.2,5766.0,"100% Jute > FOR YOUR TABLE: This table runner measures 14x108"" in size, appropriate for a table that can seat 4-6 people > EASY CARE: 100% jute/burlap; To clean, shake briskly or wipe with damp sponge or cloth > ADDS A FINISHING TOUCH: Adorn our neutral table runner with lace, ribbon or fabric paint to suit your occasion, keep it simple or layer to achieve a farmhouse style > ENHANCE YOUR HOME: Set in the foyer or on entryway tables for a warm and earthly welcome all year round",https://www.amazon.com/dp/B0977RVNXG,https://m.media-amazon.com/images/I/81gYGN3acnS.__AC_SX300_SY300_QL70_ML2_.jpg,True,In Stock
B0BN3TT9C4,"WAPLIGHAL Pink Birthday Wrapping Paper for Girls Boys Kids - Poka dots, Star, Gold Glittering Butterflies Design - Birthdays, Holidays, Graduation Gift Wrap - 20 X 29 Inch Per Sheet (8 Precut Folded",Gift Wrap Paper,Health & Household,Paper,WAPLIGHAL,$9.99,4.4,595.0,"🎉Great Value Wrap: Pink Birthday Wrapping Paper Include 8 sheets in 4 patterns Each paper measures 20 inches wide by 29 inches long, one set will wrap several medium and small birthday gifts, quickly and easily. > 🥳Exquisite and Unique Design: This holiday wrapping paper set has 4 kinds of unique designs, containing colorful Poka dots, butterfly gold, the golden star with a pink stripe, and pink-black hand-drawn circles round shapes. This design makes your gift look more cute and unusual. > 🎊Premium Gift Wrapping paper: Made of high-quality paper with glossy finishes, advanced printing technology, clear pattern, and supreme hand feels and texture. Sufficient paper thickness, will not be torn easily during packaging. > ♻️Eco-friendly: If you looking for recyclable wrapping paper, this paper is printed using environmentally friendly inks, onto 80gsm FSC-certified paper making it fully recyclable, it will be a good choice for you. > ⭐️Use all occasions: Perfect for birthdays, holidays, Christmas, Weddings, Mother's Day, Baby showers, and Graduation gift wraps. It is also great for a craft project",https://www.amazon.com/dp/B0BN3TT9C4,https://m.media-amazon.com/images/I/81zDyPAmDML.__AC_SX300_SY300_QL70_ML2_.jpg,True,Only 1 left in stock - order soon.  Only 1 left in stock - order soon.
B0DQL83T5P,"RUSPEPA Wrapping Paper Roll, Gift Wrapping Paper, 30 Inches x 32.8 Feet, Gift Wrap with Make America Great Again Text Pattern Great for Birthday, Holiday and Party",Gift Wrap Paper,Health & Household,Paper,RUSPEPA,$19.99,4.6,63.0,"Features: The wrapping paper printed ""Make America Great Again"" text on white background. It’s simple yet elegant, adding a touch of sophistication to any gift > Size: The 30 inches wide by 32.8 feet long is designed for convenience. The compact size suitable for small and medium gift wrapping paper, while being easy to store among your craft supplies > High-Quality Paper: Crafted with durable paper, this gift wrap offers excellent strength and reliability. Tear-resistant and durable, it ensures your gifts stay beautifully wrapped without ripping or wrinkling > Practical Wrapping Solution: Crafted from durable, responsibly sourced materials, our wrapping paper gift is designed with minimal waste in roll packaging and a natural look. Its sturdy design allows for multiple uses, offering a stylish and eco-conscious choice > All Occasions: These wrapping paper are perfect for 4th of July, Memorial Day, Birthday, Holiday and can be used to add a splash of color to all of your gifts. Please do not store in direct sunlight",https://www.amazon.com/dp/B0DQL83T5P,https://m.media-amazon.com/images/I/817m4aEcYWL.__AC_SX300_SY300_QL70_ML2_.jpg,True,In Stock  In Stock
B0CXJ1ZRSJ,"Burlap Ribbon 1 inch Wide 10 Yards Rustic Jute Ribbons for Crafts, Burlap Ribbon for Wreath, Garland, Tree Outdoor, Wedding, Christmas Halloween Decoration Fabric Ribbon for Gift Wrapping",Ribbons,"Arts, Crafts & Sewing",Hiswan,Hiswan,$7.99,4.7,33.0,"RIBBON SIZE: The Burlap Ribbon is 1 inch wide, 10 Yards in length, enough to meet your daily needs. > HIGH QUALITY MATERIAL: Our jute ribbon is made of high quality jute fiber, ensuring durability and long-lasting quality. Every inch has been engineered to provide excellent support and finish for your project. > WIDE USES: This natural rustic jute wrap ribbon is perfect for a variety of crafting and decorating projects. Whether used to wrap gifts, make garlands, ornaments, or decorate your home and Christmas tree, the gift ribbon can show a unique natural style. > NATURAL LOOK: Fabric Burlap ribbon has a natural rough texture and yellowish hue, adding a touch of raw and rustic style to your project. It's ideal for creating a farmhouse style or outdoor themed decoration. > ENVIRONMENTALLY FRIENDLY AND SUSTANINABLE: As a product made of natural fibers, our jute burlap ribbon meets environmental standards. Choosing our solid ribbon will not only meet your decorative needs, but also contribute to the earth and make your creativity more meaningful.",https://www.amazon.com/dp/B0CXJ1ZRSJ,https://m.media-amazon.com/images/I/71PNvG4HPdL.__AC_SX300_SY300_QL70_ML2_.jpg,True,In Stock
B07DN83RY2,"Juvale 200 Pack Kraft Paper Gift Tags with Jute Twine String - Large Blank Merchandise Price Labels 2.4 x 3.5 - Bulk Brown Hang Tag Set for Wedding, Birthday, Art & Craft Wrapping",Key Tags,Office Products,Paper,Juvale,$8.54,4.7,279.0,"Gift Tags with String Attached: Add the final touch to gifts for friends, family, clients, and customers with these blank brown tags with a string attached and pre-punched holes > Multi-Purpose: Decorate the craft tags with string using stamps, stickers, markers, and other markings to personalize product tags, bookmarks, or on-sale clothing labels > Get Creative: These tags are each made from 300gsm kraft paper with a blank surface making them an excellent choice for Mother's love letters, thank you notes and small business customization > Add A Personal Touch: Each one of the blank brown tags with hole measure 2.4x3.5 inches, and each one of our sturdy jute strings measures 7 inches in total length > Tag, You're It: In this bulk set, you will receive 200 rectangular brown price tags with string attached, a pre-punched hole and a blank surface to add to your gifting and clothing display supplies",https://www.amazon.com/dp/B07DN83RY2,https://m.media-amazon.com/images/I/71LlIm2kaRL.__AC_SX300_SY300_QL70_ML2_.jpg,True,In Stock  In Stock
B0DB8DDPFL,"Merry Christmas Wrapping Paper Set, 6 Folded Sheets Green Red Kraft Xmas Wrap, Holiday Deer Trees Santa Snowman Kraft Winter Holiday New Year Gift Wrap for Women, Men, Boys, Girls",Gift Wrap Paper,Health & Household,Paper,BWLOIES,$7.99,4.5,726.0,"PACKAGE CONTENT: The modern christmas wrapping paper set includes 6 sheets of neutral kraft gift wrapping paper christmas, come with 6 gift tags and 3 rolls of gift ribbon. The size of the variety christmas paper is 27.6inches x 20inches, suitable for most gifts ranging in size from small to medium. A great value package to meet your chritmas gift wrap needs > ECO-FRIENDLY WINTER WRAPPING PAPER SHEETS: The green and red xmas wrapping paper classic made of 100gsm premium kraft paper. Biodegradable and recyclable after use.These holiday wrapping papers are a way to protect our environment. you can wrap gifts quickly and efficiently with these assorted christmas wrap paper without worrying about unnecessary rips or tears > CHRISTMAS THEMED DESIGN: These holiday gift wrap christmas full of strong Christmas atmosphere,the main colors are red and green,printed with Merry Christmas,Happy New Year, Christmas tree, snowman,Santa Claus, gifts, snowflakes, Christmas stockings, candy, bells and other patterns.This papel de regalo navidad with a hand-painted and graffiti design. > WIDE RANGE OF USE: The christmas gift wrapper paper is perfect for present wrap like clothes,books,goodies,toys and so on. Not only for thick chrsitmas gift wrapping paper victorian and New Year gift wrapping paper,also good for craft projects,table coverings,wrap flowers or other DIY project. Meanwhile, these cute gift wrap xmas are suitable for anyone, women, men, boys, girls, fathers, mothers, sons, daughters, friends, neighbors, classmates, etc. > KINDLY REMINDER: The natural santa wrapping paper kit is folded into 1/4 size and sealed in bags for shipping and there will be creases,but it does not affect usage of the snowman wrapping paper",https://www.amazon.com/dp/B0DB8DDPFL,https://m.media-amazon.com/images/I/81bZMWZQTJL.__AC_SX300_SY300_QL70_ML2_.jpg,True,In Stock
B0BDSYKDF1,"Boho Style Christmas Tree Gift Tag Stickers – 2 x 3 Inch Holiday Labels with Unique Tree Designs – 100 Adhesive Kraft Tags, Eco-Friendly, Made in USA",Gift Wrap Tags,Health & Household,Cardboard,InStockLabels.com,$16.72,4.7,9.0,"Boho Christmas Tree Design: These 2 x 3 inch tags feature a unique boho-style Christmas tree design, adding a trendy, artistic touch to your holiday gift wrapping. > 100 Total Labels: Each roll includes 100 adhesive gift tags, providing plenty for all your holiday gifting needs, from small packages to larger presents. > High-Quality Kraft Material: Made from natural kraft paper, these tags bring a rustic, eco-friendly look that pairs well with any wrapping style, adding charm to every gift. > Strong Permanent Adhesive: Designed to stick securely, the permanent adhesive works perfectly on wrapping paper, gift bags, and boxes, ensuring tags stay firmly in place. > Eco-Friendly and Made in the USA: Printed with eco-friendly inks and proudly made in the USA, these tags offer a sustainable option for environmentally conscious holiday gift-giving.",https://www.amazon.com/dp/B0BDSYKDF1,https://m.media-amazon.com/images/I/6164JpiFWbL.__AC_SX300_SY300_QL70_ML2_.jpg,True,Only 1 left in stock - order soon.
B0BJHNFXB5,"Solid Print Holiday Gift Twisted Handles Kraft Paper Bags in Bulk, Multipurpose use, Suitable for Every Occasion, 8 X 4.25 X 10.5, White",Gift Bags,Health & Household,"Cardboard, Paper Bag",Elegant Supply,$9.99,5.0,1.0,"Paper > VALUE PACK- Available in four sizes and colors, you can purchase our 5, 10, 25, 50, 100 pack or 200 pack bulk option. > ECO-FRIENDLY- Our paper bags are made from durable material, which is also recyclable, biodegradable, and compostable, and best of all, super easy to use! > MULTIFUNCTIONAL- Suitable for all occasions. Perfect for party favors, goodie bags, holiday gift bags, shopping, take out, and any other needs you may think of. > CONSTRUCTION- Sturdy and reinforced twist handles for easy carry. Heavy weight paper to reduce risk of tearing. Square bottom to allow bags to stand up on their own.",https://www.amazon.com/dp/B0BJHNFXB5,https://m.media-amazon.com/images/I/71q4Nqwm1NL.__AC_SX300_SY300_QL70_ML2_.jpg,True,In Stock
B0BXTPQ9H1,Mad Dog Products English Slip Dog Lead | 3/8 Inch x 6 Feet | Jute,Basic Leashes,Pet Supplies,Mad Dog Products,Mad Dog Products,$23.99,4.5,82.0,"NO COLLAR NEEDED: Designed for ease of use for you and your pup. Just slip the loop over the dog's neck and secure it with the custom locking stopper made by Mad Dog's product specialists. > TRAINER APPROVED: The slip leash is great for training and is favored by dog trainers and breeders around the world. 23 different color options to match your dog's unique personality and style. > BETTER MATERIALS AND PREMIUM FEEL: Mad Dog Products leashes are soft on the hands, machine washable and UV fade-proof. Always handmade using quality polypropylene rope and brass rust-proof hardware. > MADE IN THE USA: Mad Dog Products are all proudly made in the United States of America. We hand-craft every item to ensure its design is perfect and exactly what you need for your outdoor adventures. > STYLISH COLORS: Choose from 23 different color options to match your dog's unique personality and style.",https://www.amazon.com/dp/B0BXTPQ9H1,https://m.media-amazon.com/images/I/61Xz4eRyqEL.__AC_SY300_SX300_QL70_ML2_.jpg,True,In Stock
B0D1558CGN,"Mad Dog Products 1/4"" x 15' Easy Leader Jute Solid Braid English Slip Lead Dog Leash - Made in USA",Training Leashes,Pet Supplies,Mad Dog Products,Mad Dog Products,$26.99,4.5,11.0,"TRAINER APPROVED: The slip leash is great for training and is favored by dog trainers and Kennel Clubs around the world. We offer 23 different color options to match your dog's unique personality and style. > NO COLLAR NEEDED: Designed for ease of use, just slip the loop over the dog's neck and secure with the Custom push button stopper. > EASY LEADER: English Slip Leash with the added S Hook attachment. The added attachment provides the ultimate muzzle control, perfect for working with dogs in training, puppies, or for your daily walks! > BETTER MATERIALS AND PREMIUM FEEL: Mad Dog Products leashes are soft on the hands, machine washable and UV fade-proof. Always handmade using quality solid braid rope, spring loaded stopper, and brass rust-proof hardware. > MADE IN THE USA: Mad Dog Products are all proudly made in the United States of America. We hand-craft every item to ensure its design is perfect and exactly what you need for you and your dogs outdoor adventures.",https://www.amazon.com/dp/B0D1558CGN,https://m.media-amazon.com/images/I/714F2UIA8TL.__AC_SX300_SY300_QL70_ML2_.jpg,True,In Stock
B0BKT12Z6V,"12"" Natural Burlap Fabric Roll 10 Yards Jute Ribbon for Gift Wrapping Craft Projects Wedding Decoration Home Decoration 30CM",Ribbons,"Arts, Crafts & Sewing",INSPIRELLE,INSPIRELLE,$21.99,4.8,247.0,Width: 12 inch (30CM); Length: 10 Yards=9.1 M=30 Foot > Material: natural jute fibers. > Feature: Hemmed edge preventing from fraying. Stiff and not fade easily. > Purpose: Great for any occation decoration. > Caution: They are not metal wired burlap.,https://www.amazon.com/dp/B0BKT12Z6V,https://m.media-amazon.com/images/I/61gNtGc5QcL.__AC_SX300_SY300_QL70_ML2_.jpg,True,In Stock  In Stock
B0CSS74D6J,"Larcenciel 100 Sheets White Tissue Paper for Gift Bags, Matte Gift Wrapping Tissue Paper for Packaging & DIY Crafts, Art Tissue Crepe Paper for Wedding Birthday Party Easter Mother's Day,19.7x13.8inch",Art Tissue,"Arts, Crafts & Sewing",Wedding Birthday Party Easter Mother's Day,Larcenciel,$7.99,4.6,1720.0,"Generous Quantity Size: Each pack comes with 100 sheets of white tissue paper bulk, each measuring 19.7 x 13.8 inches, perfectly sized to stuff into gift bags and baskets, wrap fit small to medium-sized gifts, adding that extra bit of flair > Elegant White Color: The pristine white color of our gift wrap tissue paper enhances the aesthetics of your gift wrapping, making every gift an exciting and appreciated surprise > Premium Quality: Made of high quality soft material, safe, recyclable and eco-friendly paper that won't tear easily, perfect for decorating gifts for any occasion, enhances the look and feel of your gifts > Versatile & Convenient: This packing tissue paper perfect for decorative wine bottles, gift bags and baskets, clothing, shoe packaging, DIY crafts and more > Wide Application: Our tissue wrapping paper is a must-have for all occasions - birthdays, holidays, weddings, Valentine's Day and Christmas. Make every celebration special with our premium tissue paper",https://www.amazon.com/dp/B0CSS74D6J,https://m.media-amazon.com/images/I/41tRd7MgtxL.__AC_SX300_SY300_QL70_ML2_.jpg,True,In Stock  In Stock
B0DKJ4YXD8,"Partystadl 12 Pack Party Favor Boxes, Eco-Friendly Kraft Paper Candy Boxes with Handles, Sturdy Favor Boxes for Birthday, Holiday Events, and Snacks (Olive Green)",Gift Boxes,Health & Household,Paper,Partystadl,$9.99,,,"Customizable and Versatile – These DIY treat boxes can be easily personalized with stickers, painting, or writing, making them perfect for birthdays, holidays, and themed events. Add a creative touch to every occasion! > Eco-Friendly Kraft Paper – Made from durable, environmentally friendly kraft paper, these party favor boxes are sturdy and recyclable, ideal for eco-conscious celebrations > Perfect for Small Treats and Gifts – With enough room for cookies, candy, small toys, or gifts, our treat boxes provide a charming way to present your party favors, ensuring your guests leave with something special > Sturdy and Easy to Use – Designed for convenience, these sturdy cardboard treat boxes feature easy-to-load construction and a secure lid, making them perfect for any event, big or small > Great for Bulk Events – Available in a pack of 12, these treat boxes are perfect for large gatherings, birthday parties, or holiday celebrations. Keep your party supplies stylish, functional, and eco-friendly",https://www.amazon.com/dp/B0DKJ4YXD8,https://m.media-amazon.com/images/I/41vMqfb7SGL.__AC_SX300_SY300_QL70_ML2_.jpg,True,In Stock
B0BXKX61NV,"Plant Support Netting - Biodegradable Natural Jute Net for Garden Climbing Vining Plants Cucumber, Vine, Fruits & Vegetables Tomato (6.6 Ft x 16.4 Ft, 5.9 Inch Squares)",Garden Netting,"Patio, Lawn & Garden",Jute,Miuezuth,$26.99,4.3,62.0,"Mesh size: 5.9 Inch Squares, Measurements: 6.6 Ft x 16.4 Ft. > This jute netting came out of the package tangle free, and with a edging and ties at each corner to make hanging a breeze. > Made from natural jute without dyes, wax etc. A superior environmentally friendly substitute for horrible plastic netting. > They are strong enough to support the heaviest of crops such as cucumbers. Supports climbing plants, such as peas, runner beans, sweet peas etc. > Jute Netting is 100% biodegradable, meaning no more untangling of plants at the end of the season, you can simply throw the whole lot straight onto your compost heap.",https://www.amazon.com/dp/B0BXKX61NV,https://m.media-amazon.com/images/I/71nvYT8-X+L._AC_SY300_SX300_.jpg,True,In Stock
B0BZP69QQ7,"1.35 Inch Mini Clothes Pins for Photo100 Pcs with 32 Feet Jute Twine, Mini Clothes Pins for Crafts, Wooden Small Clothespins for Pictures, Tiny Decorative Clothespins for Baby Shower - Black",Clothes Pins,Home & Kitchen,SETNDTS,SETNDTS,$7.99,4.6,320.0,"🎁【Pacage&Size】--100 pcs tiny clothespins and 10M jute twine constitute the normative package.The size of the clothespins :1.5*0.3*0.4 in, and the minimum opening of the mii clothespins are about 0.8 in. It will be the practical assistor in your daily life."" > 🎁【Material】--We choose the wood of high quality and the robust stainless steel springs to produce the delicate gadgets, which will bring you agreeable usage experience.The safety paint is like a colorful protective cover, which is beautiful and can prevent rust > 🎁【Features】--This kind of little clothespins are both portable and durable. The super-strong clamping force makes them multipurpose, such as clamping the photos, postcards, greetings card, etc. > 🎁【Easy to use】---These cute clothespins could be used popularly in most places and cases just with a nail or a string that is relly convenient. The clothespin occupies a small area so that it can be carried and set any time as you like. You can also disassemble or reassemble it easily. > 🎁【Advantages】----We can offer a superior product at the same price , and that is why our products is always sold out well in many areas. Hope to bring you a jolly shopping experience",https://www.amazon.com/dp/B0BZP69QQ7,https://m.media-amazon.com/images/I/71w+SyG6NWL._AC_SY300_SX300_.jpg,True,In Stock
B09ZBF1VP9,PerkHomy Jute Twine String 3mm 328Ft Natural Thin Ribbon Twine for Craft Gardening Plant Gift Wrapping Art Wedding Decoration Packing Material Christmas Twine Bulk Heavy-Duty (328FT * 3mm (4 ply)),Twine,Tools & Home Improvement,3mm (1/8 In),PH PERKHOMY,$7.99,4.7,207.0,"【BASIC INFO】Bengal 100% Natural Jute. Φ/3 mm * 328 Ft (100M Approx.) twine. No mixed. No harm. > 【PURE NATURAL】Our twine is made from high-quality natural fibers. High quality, soft tone, natural texture of jute. No harmful substances, no extreme stinky smell. Eco-friendly, biodegradable, and easy to use around the house. > 【DECORATION&CRAFT】Make a pretty gift wrap, gift card string, photos string, art crafts and DIY projects. For wedding, birthday, baby shower and more, to create a handmade rural style decoration. > 【FEATURES】Our jute twines are widely used in packaging, strapping, gardening, greenhouses, pastures, bonsai because of its abrasion resistance, corrosion resistance, rain resistance and easy to use. > 【MANUFACTURER】We are the professional manufacturer engaged in the research, development, production, sale and service of many kinds of rope. Our products are exported to North America, Europe, Australia and Southeast Asia and other areas. We are committed to providing best products and services. If you have any questions, please contact us.",https://www.amazon.com/dp/B09ZBF1VP9,https://m.media-amazon.com/images/I/61S5LSORd1L.__AC_SX300_SY300_QL70_ML2_.jpg,True,In Stock  In Stock
B09FYHN13W,"Natural Kraft Home for The Holiday Gift Tag Stickers – 2 x 3 Inch Labels, Roll of 100 – Rustic Holiday Tags for Christmas Wrapping, Eco-Friendly, Made in The USA",Gift Wrap Tags,Health & Household,Natural Kraft paper,InStockLabels.com,$16.72,,,"Cozy Holiday Designs: Each adhesive tag features festive designs that capture the warmth and joy of being home for the holidays, adding charm to your gifts. > Roll of 100 Labels for Ample Supply: Includes 100 adhesive tags, ideal for wrapping gifts, party favors, and creating a cohesive holiday aesthetic for your gifting. > Rustic Natural Kraft Material: Made from durable kraft paper, these tags offer a rustic, timeless look that complements all types of holiday wrapping. > Peel-and-Stick Adhesive for Easy Use: Each tag has a strong adhesive backing, ensuring secure attachment to gift wrap, bags, and boxes for hassle-free holiday preparations. > Eco-Friendly and Made in USA: Proudly crafted in the USA and printed with eco-friendly inks, these tags are a sustainable choice for thoughtful holiday gifting.",https://www.amazon.com/dp/B09FYHN13W,https://m.media-amazon.com/images/I/61btXc1ETBL.__AC_SX300_SY300_QL70_ML2_.jpg,True,Only 10 left in stock - order soon.
B09M9PN4G3,TINYMILLS Christmas Cookies Holiday 14oz Travel Mug - Eco-Friendly Reusable Plant Fiber Travel Mug Birthday Gift Stocking Stuffer Teacher Coach Gift,Cups & Mugs,Home & Kitchen,non slip,TINYMILLS,$12.99,4.3,10.0,"One 14 oz eco-friendly travel mug with festive Christmas cookies design! Each travel mug comes in giftable kraft box made of recycled materials! Perfect for teacher's gift, birthday gifts and graduation gifts! > Made of plant fibers and includes a silicon lid and non-slip sleeve. Biodegradable and eco-friendly! > Reusable spill stopping lid. Perfect for both hot and cold drinks! > Non-toxic, biodegradable, stain resistant and easy to clean! > Microwavable and dishwasher safe (please remove sleeve before microwaving)",https://www.amazon.com/dp/B09M9PN4G3,https://m.media-amazon.com/images/I/81UHvK87QwL.__AC_SY300_SX300_QL70_ML2_.jpg,True,Only 1 left in stock - order soon.
B0B5SMDCGG,"Shrahala Imitation Yellow Linen Texture Jute Pattern Decorative Throw Pillow Cover, Jute Woven Texture Printed on Fabric Cushion Case for Sofa Bedroom Throw Pillow Case, 20 X 20 Inches",Throw Pillow Covers,Home & Kitchen,Ethnic Retro Texture Yellow,Shrahala,$14.98,2.9,30.0,"Cotton > Not Linen Texture Jute!Just picture printed on white cloth! > Packing-20""W x 20""L, 50cm x 50cm, two pieces. Cushion Cover ONLY! Inserts are NOT Included!! You can use it to decorate your bedroom or living room, sofa, please be careful when outdoors, it is not waterproof. (jute print image, not jute weave texture). Excellent quality-High Quality Cotton and Polyester Blend, double-sided printing, invisible zipper design to increase beauty. The zipper is on the longer side. > Decoration-Digital printing(The pattern is printed to the surface of the product through a printer), bright colors, clear patterns, healthy and non-fading, they can well decorate your home. The surface of the fabric is about 1 mm short fleece, very soft. > Easy to clean-Both machine washable, hand washable (recommended), iron at low temperature, do not bleach. Detergent can be used. It will not shrink or deform.",https://www.amazon.com/dp/B0B5SMDCGG,https://m.media-amazon.com/images/I/81b9q0xXc+L._AC_SY300_SX300_.jpg,True,Only 2 left in stock - order soon.
B0DGWVWBMS,"15 Pack Large Reusable Gift Bags – [Pink] – 12.6 x 11 x 4.7 Inches – Perfect for Birthdays, Weddings, Holidays & Valentine’s Day – Sturdy Handles, Eco-Friendly Design",Gift Bags,Health & Household,,Generic,$17.99,,,"PREMIUM QUALITY MATERIAL: Crafted from high-quality, shiny foil material that adds a touch of elegance to any occasion. These bags are designed to be durable, tear-resistant, and long-lasting, ensuring they can be reused multiple times for various purposes. > VERSATILE USE FOR ALL OCCASIONS: Whether you're celebrating a birthday, hosting a wedding, organizing a holiday party, or preparing for special events like Diwali, Lunar New Year, or Valentine’s Day, these gift bags are perfect for all your gifting needs. They are also ideal for corporate events, bridal showers, and bachelorette parties. > ECO-FRIENDLY & REUSABLE DESIGN: Unlike traditional wrapping paper, these reusable gift bags are an environmentally conscious choice. Made from non-cardboard material, they are sturdy enough to be used again and again, reducing waste and promoting sustainability. > STURDY HANDLES FOR EASY CARRYING: Each bag features reinforced handles that are comfortable to hold and strong enough to carry even heavier items like shoes, clothes, blankets, or books. The handles are designed to ensure the bag remains intact, even when fully loaded. > MULTIPLE SIZES AND COLORS AVAILABLE: Available in a variety of colors such as gold, black, pink, red, and gray, these bags are versatile enough to match any theme or recipient's taste. The large size (12.6 x 11 x 4.7 inches) makes them suitable for bulky gifts, while the compact design ensures they are easy to store when not in use.",https://www.amazon.com/dp/B0DGWVWBMS,https://m.media-amazon.com/images/I/71hEqmtaA1L.__AC_SX300_SY300_QL70_ML2_.jpg,True,Only 18 left in stock - order soon.
B0D2671XV5,"Vanhench Jute Twine 3mmX328ft (100m), Jute Rope for Crafts Gardening Garden Plant Gift Wrapping Arts & Crafts Art Decoration Packing Material Christmas Twine Bulk Heavy-Duty (Brown)",Rope,Tools & Home Improvement,Brown,Vanhench,$7.99,4.7,1058.0,"【High-Quality Classic Twine】The natural jute rope is thick and strong, and able to grip the items more tightly comparing with traditional twine. Larger amount, cost saving. > 【Perfect Thickness】Our twine is made of Natural Jute, Premium Material, good touch feeling, easy to use. No harmful substances, no extreme stinky smell. Eco-friendly, biodegradable. > 【Great for Arts & Crafts】Use it for christmas, birthday, mother day, valentines day gifts , wedding gifts, baby shower and more. For crafts: gift wrapping, gift card tag string, photos string, plant hanger, hanging signs, crocheting, knitting, macrame, basket making, and many other DIY projects. > 【MULTI-PURPOSE 】CONVENIENCE-This natural jute twine are widely used in packaging, strapping, gardening, greenhouses, pastures, bonsai because of its abrasion resistance, corrosion resistance, rain resistance and easy to use. > 【We Care About All Customers】As a professional ropes manufacturer, we have professional research, development, design, manufacturing, testing, sales links, after-sales guarantee, and one-stop service for many wrapping supplies. This comprehensive approach allows us to deliver ropes that not only meets but exceeds your expectations, where every wrap tells a story of elegance and style.",https://www.amazon.com/dp/B0D2671XV5,https://m.media-amazon.com/images/I/71SD782p3gL.__AC_SX300_SY300_QL70_ML2_.jpg,True,In Stock  In Stock
B07QPQFKXF,"OccasionALL Large Gift Bags with Handles, Silver Metallic Tote for Holidays, Christmas, Birthdays, Party Favor, Events, Shopping, Bulk, 10x5x13 12 Pack",Gift Bags,Health & Household,Paper,OccasionALL,$24.99,4.7,831.0,"LARGE SIZE – OccasionAll’s gift bags measure 10” wide by 5” deep by 13” tall, making them perfect for holding larger sized items such as books, magazines, medium electronics, apparel items and accessories, photo frames, accessories, and more > LUXURY DESIGN – Each metallic silver tote is crafted from premium, eco-friendly, long-lasting art paper that can be reused or recycled with the addition of high-quality silver braided rope handles for a safe and comfortable carry > HANG TAGS – Perfect for writing names, sentiments, or embellishing with monograms or logos, each bag has a 1.5” x 2.5” tag that can be personalized and customized for whatever you may want to convey > PACK OF 12 – Each order comes with 12 gift bags, so you’ll always have a bag on hand for whatever occasion might call > FORM & FUNCTION – Each bag fuses an elegant, timeless look with trendy and fashionable, making each bag the perfect option for personal or professional uses such as gift wrapping for Christmas and the holidays, birthdays, weddings, showers, parties, events, or as merchandise bags for small businesses, boutiques, and retail stores that want to make their customer’s shopping experience that much more memorable and unique",https://www.amazon.com/dp/B07QPQFKXF,https://m.media-amazon.com/images/I/71lRIKmp6FL.__AC_SX300_SY300_QL70_ML2_.jpg,True,In Stock
B0CCRR6GLQ,"BOLIANNE Christmas Wrapping Paper for Kids Men Women - Xmas Holiday Gift Wrap with Buffalo Plaid, Trucks, Snowflakes, Reindeer for Party - 8 Large Sheets, Vintage Design, 27 x 37 Inch, High Gloss",Gift Wrap Paper,Health & Household,Coated Paper,BOLIANNE,$7.99,4.5,176.0,"【Vintage Christmas Design】: The Christmas wrapping paper set features 4 style classic and elegant Xmas patterns, including snowflakes with red/black buffalo plaid, trucks with white/black plaid, green Christmas pine trees, houses woodland and reindeer, add more festive atmosphere to your party. Make your gift vibrant and eye-catching > 【Perfect Size】: Each gift wrapping paper sheet measures 27 inches wide by 37 inches long. Suitable for packages in different size from small to large. Folded flat for easier storage than traditional rolls of gift wrap paper > 【Great Value】: The retro Xmas wrapping paper set contains 8 large sheets, 2 sheets for each pattern, 55 square feet in total. They don't roll back on themselves like traditional wrapping paper rolls when packaging > 【Premium Quality】: The gift wrap paper is created with high-quality coated paper with glossy finish. Thick enough, not easily tear or rip. Use of advanced printing technology, the vibrant colors do not fade. What's more, the paper is eco-friendly, recyclable and non-toxic > 【Widely Used】: Suitable for different groups like kids, boys, girls, babies, teens, men, women. Perfect for Christmas, New Year, birthday, baby shower, holidays, congrats, parties. Also great for Christmas party decorations and DIY craft projects.",https://www.amazon.com/dp/B0CCRR6GLQ,https://m.media-amazon.com/images/I/81jfRG1oFAL.__AC_SX300_SY300_QL70_ML2_.jpg,True,In Stock
B0D3PQVNZD,"BEL AVENIR Jute Curtain Tiebacks Ropes Tie-Backs, Handmade Curtain Holdbacks(Jute,4pack)",Holdbacks,Home & Kitchen,BEL AVENIR,BEL AVENIR,$16.99,4.6,5146.0,"A curtain tie-back has extra long size for easy to hold large, thick curtains,Rope diameter 1.2cm > Package come with a pair of windows swag holder & 4 pcs metal screw hooks+ 4 pcs expansion bolts. Now let me tell you how to install the screws. First make a suitable hole in the wall with a drill. Then hit the expansion screw into the hole with a hammer, And then hook into the expansion screw hole, This completes the installation. > Hand-woven from lustrous polyester material, strong and not easily worn or pilling > Simple & elegant design, multi-color options, cater to any style of curtains, designed with hangable rope > Hand wash or wipe clean only, dry at low temperature, do not bleached, away from children. Note: Our packaging is sealed packaging, No need to open with scissors,You can open the package manually. Avoid opening the product with scissors and cutting the product.",https://www.amazon.com/dp/B0D3PQVNZD,https://m.media-amazon.com/images/I/71d3JU4MMAL.__AC_SX300_SY300_QL70_ML2_.jpg,True,In Stock
B07DP1KKRB,Trade Star Indian Jute Wool Cushion Cover Handwoven Rug Pillow Kilim Pillow Cover 18x18 Boho Home Decor Vintage Pillow Case Oriental Cushion Cover Decorative Throw Pillows (Pattern 2),Throw Pillow Covers,Home & Kitchen,Pattern 2,Trade Star,$34.89,4.6,230.0,70% Jute 30% Wool > PRODUCT SIZE : Square 18 X 18 Inches or (45X45 CM) > PRODUCT TYPE: Indian Hand Crafted Kilim Cushion Covers with Branded Zipper Enclosure > MATERIAL TYPE: 70% Jute 30% Wool Kilim > NOTES: This Listing is Only for Cushion Cover and its Insert/Filler is not included,https://www.amazon.com/dp/B07DP1KKRB,https://m.media-amazon.com/images/I/81oPNSLVMgL.__AC_SX300_SY300_QL70_ML2_.jpg,True,
B0C7RMG5T7,"SHIKIWRAP Reusable Cloth Gift Wrap – 9 Pack Holiday Collection of Reversible Eco-Friendly Fabric Wraps for Christmas and Festive Gifting | Sustainable, Zero-Waste Alternative for Holiday Wrapping",Gift Wrap Paper,Health & Household,Christmas,SHIKIWRAP,$130.0,4.0,1.0,"Eco-Friendly Choice – SHIKIWRAP offers an eco-friendly, zero-waste solution for gift wrapping with high-quality, reusable fabric wraps. This sustainable cloth gift wrap is perfect for reducing holiday waste while adding a touch of elegance to your presents. Ditch single-use wrapping paper and choose SHIKIWRAP for an environmentally conscious Christmas and year-round celebrations. > Complete Collection – This SHIKIWRAP collection includes 9 beautifully designed, reversible fabric wraps to enhance every gift you give. With patterns perfect for Christmas, birthdays, and holiday parties, this set is a must-have for those who want eco-friendly, stylish gift wrapping options. Each wrap is reusable, helping you make sustainable choices while impressing your loved ones. > Sustainable Fabric: Made with durable, long-lasting fabric, SHIKIWRAP cloth wraps are designed to be reused for years to come. Each wrap provides a sustainable option that reduces waste, aligns with an eco-conscious lifestyle, and enhances your holiday gift presentation. The wraps stretch to create clean lines around the gift, adding a polished look to every present. Make a positive impact on the environment while giving thoughtful, beautifully wrapped gifts every time. > Simple & Reversible – SHIKIWRAP’s reversible cloth wraps make gift wrapping simple, stylish, and eco-friendly. No need for tape, scissors, or wasteful wrapping paper; simply fold, tie, and you’re done! Perfect for anyone looking to add an eco-conscious touch to their gift-giving traditions, these reusable fabric wraps are designed for ease of use and visual appeal, enhancing any gift. > Fits All Sizes – Whether wrapping small items or larger presents, SHIKIWRAP has you covered. This 9-pack offers versatile fabric wraps that adjust to different gift shapes and sizes, making every present look elegant and festive. The sustainable, reusable cloth ensures each gift is wrapped with care and style, making SHIKIWRAP the perfect choice for a thoughtful, eco-friendly holiday season. The wraps are made in the USA on fabric derived from recycled plastic.",https://www.amazon.com/dp/B0C7RMG5T7,https://m.media-amazon.com/images/I/81cPONvMxpL.__AC_SX300_SY300_QL70_ML2_.jpg,True,Only 12 left in stock - order soon.
B07FQ98PTP,"Vivifying 328 Feet Green Garden Twine, Natural 2mm Jute Twine for Floristry, Bundling, Crafts, Chistmas Wrapping (Dark Green)",Twine,Tools & Home Improvement,Green,Vivifying,$5.99,4.6,5121.0,"THICK ENOUGH - Long: 328 Feet Thick: 2mm Very durable, you can use our jute twine for a long time > HIGH QUALITY MATERIAL - Our garden twine is made from premium natural jute, offering excellent strength and durability > WIDELY USED - Our green jute twine is great for gardening projects, crafts, bundling > HANDY TO USE - Packed on a coil and it is very convenient to use. You can cut freely according to the length you want > EASY TO USE AND STORE - Packed on a coil, it won't get tangled, you can freely cut to the length you want",https://www.amazon.com/dp/B07FQ98PTP,https://m.media-amazon.com/images/I/61LE4voRm2L.__AC_SX300_SY300_QL70_ML2_.jpg,True,In Stock
B0CHB1LZ17,"Initial Canvas Tote Bag, Personalized Beach Jute Bag Present for Women Holiday,Friends Birthday Gift,Wedding, New Year",Totes,"Clothing, Shoes & Jewelry",,shenee,$8.99,4.7,595.0,,https://www.amazon.com/dp/B0CHB1LZ17,https://m.media-amazon.com/images/I/71tSvuxKcpL.__AC_SY445_SX342_QL70_ML2_.jpg,True,In Stock
B0DJ59S9YP,"Solar Garden Lights Outdoor, 10 Pack 60LED Waterproof Solar Powered Lights for Yard Pathway Patio, Swaying Lawn Decor as Gardening Gifts for Women Holiday",Path Lights,Tools & Home Improvement,Plastic,NBQQ,$66.98,4.3,969.0,"【SWAYING WHEN WIND BLOWS】NBQQ solar powered firefly lights adopt softer and more flexible light stalks than other solar garden lights, making the firefly lights easier to swing in the breeze without clumping together. Each garden light features 6 bright LEDs that create the illusion of fireflies flying in the night breeze. These solar garden lights will add a magical touch of illumination to your garden. Pick now and Be ready to get compliments from neighbors! > 【EASY TO USE AND NO WIRE 】 No cables or plugs required, NBQQ solar powered firefly lights are easy to install.Just flip the switch, attach the lights to the metal sticks provided and simply stake the firefly lights in a sunny spot and let the sun do the rest for you. > 【DURABLE AND WATERPROOF】The solar panel and lampshade are made of high-quality waterproof IP65 material. It's specifically designed to withstand extreme weather conditions. you can use solar landscape lights anywhere outdoors, such as garden, lawn, flower bed, patio, pathway or deck, etc. No worries about rain, snow or bad weather. > 【Perfect Garden Decoration】Solar lights outdoor waterproof make your home and garden sparkle every night. Solar powered firefly lights add sparkle to your yard. Create a romantic and festive atmosphere, it is the perfect outdoor decoration for patios, yards, lawns and sidewalks, as well as any occasion for Halloween, Christmas, Wedding, New Years, parties and more. > 【100% Satisfaction Guarantee】If you are not 100% satisfied with the performance, color, or quality of the product, we will work with you to make it right. Contact us. We will contact you as soon as possible and try our best to make you satisfied.",https://www.amazon.com/dp/B0DJ59S9YP,https://m.media-amazon.com/images/I/71ukNcTHHYL.__AC_SY445_SX342_QL70_ML2_.jpg,True,In Stock
B0CZ2LP9VZ,American Excelsior QuickGRASS Pro - 4'x50'- Green Biodegradable Jute Net Erosion Control Blanket Landscape Roll,Garden Soil,"Patio, Lawn & Garden",American Excelsior Company,American Excelsior Company,$49.95,3.8,33.0,"Biodegradable fibers cling to each other and soil to help hold seed and soil in place. > Contains single durable, all-natural, and biodegradable jute net. > Products made in the USA Since 1888! > Vibrant green color > Stops erosion on hills, slopes, and areas of concentrated flow. Complies with most stormwater management regulations.",https://www.amazon.com/dp/B0CZ2LP9VZ,https://m.media-amazon.com/images/I/91As0hjs-UL.__AC_SX300_SY300_QL70_ML2_.jpg,True,In Stock
B0C5TK4R95,RAJRANG Natural Jute Runner Rug 2 x 6 feet Vintage Hand Woven Rustic Boho Reversible Farmhouse Braided Area Rugs for Living Room Bedroom Kitchen,Runners,Home & Kitchen,Jute,RAJRANG,$34.99,4.4,1465.0,"Craftsmanship: Each of our exquisite jute rugs is meticulously handcrafted in India, blending traditional techniques with modern design for a touch of cultural elegance. From our workshop to your doorstep, experience unparalleled beauty and heritage of Indian craftsmanship from the comfort of your home. > Quality Work: We closely work on perfecting the softness of our Jute Rugs, using only the finest jute fibers sourced from sustainable origins, ensuring you feel a luxurious experience with every step. > Handcrafted Excellence: Each rug is intricately hand-woven by skilled artisans, reflecting their expertise and attention to detail in every stitch, resulting in a masterpiece of timeless elegance. > Unmatched Versatility: From high-traffic areas to cozy corners, our jute rugs seamlessly blend durability with brilliant design, offering a versatile solution for enhancing any space with natural charm and enduring beauty. > Easy Maintenance for Lasting Beauty: Keep your jute rug looking its best with stress-free cleaning instructions. Simply spot clean gently and vacuum 1-2 times a week to prevent dust and crumbs from settling into the fibers, ensuring long-lasting beauty and durability.",https://www.amazon.com/dp/B0C5TK4R95,https://m.media-amazon.com/images/I/81yjJDgoNEL.__AC_SX300_SY300_QL70_ML2_.jpg,True,In Stock
B0DPHYVBQ7,Reginary 16 Pcs Jute Tote Gift Bags Natural Burlap Grocery Shopping Bag Beach Tote with Handle for Bridesmaid Wedding Travel,Reusable Grocery Bags,Home & Kitchen,,Reginary,$53.99,4.6,68.0,,https://www.amazon.com/dp/B0DPHYVBQ7,https://m.media-amazon.com/images/I/91bRYnxqeUL.__AC_SY445_SX342_QL70_ML2_.jpg,True,Only 5 left in stock - order soon.
B0DCMTT86B,"ZINTBIAL Nutcracker Reversible Christmas Wrapping Paper - Holiday Gift Wrap with Snowflake on Back - Perfect for Birthday, Xmas - 17.5 in x 33 ft (48 sq. ft)",Gift Wrap Paper,Health & Household,Paper,ZINTBIAL,$13.99,4.5,155.0,"Size: Measuring 17.5 inches wide and 33 feet long, this roll covers 48 square feet, providing plenty of wrapping paper for multiple gifts. > Nutcracker Christmas Design: The front features classic Nutcracker figures along with holiday elements, creating a festive and traditional Christmas wrapping paper. > Reversible: The reverse side features a beautiful snowflake pattern, providing versatility with two distinct designs for different gift-wrapping styles. > Medium Thickness: Made from 80 GSM paper, this wrapping paper offers medium thickness, providing durability while still being easy to fold and handle. > Perfect for All Occasions: Ideal for Christmas, birthdays, and other festive occasions, this recyclable wrapping paper offers both style and sustainability, suitable for all ages and events.",https://www.amazon.com/dp/B0DCMTT86B,https://m.media-amazon.com/images/I/71ariuuvwpL.__AC_SX300_SY300_QL70_ML2_.jpg,True,Only 16 left in stock - order soon.
B0BD9FWL2W,"Nook Theory Insulated Grocery Bags, X-Large Reusable Grocery Bag with Zipper, Leak Proof Cooler Bag for Frozen and Hot Food (Jute)",Reusable Grocery Bags,Home & Kitchen,Cotton,Nook Theory,$27.96,4.6,955.0,"Stylish Purposeful Design - Our Better Days Insulated Reusable Grocery Bags are designed with the intention to combine form and functionality, making this bag perfect for everyday use. > Premium Quality - Made with 12 Oz scratch-resistant canvas exterior, our bag is sturdier than many in the market. The high-efficiency thermal foam inside is 100% leak-proof and provides optimum insulation for your items no matter where you go. > Multi-Functional - Use them as shopping bags for groceries, food warmer bag for gatherings or as cooler bag at a picnic. Tested to keep ice frozen for 6 or more hours when the zip is closed. > Extra Large Capacity, Convenient - Our insulated cooler bag can hold over 30 lbs of groceries, 2 side pockets for easy access of things, yet can be folded flat for easy storage, making it a great collapsible cooler for travel. > To Better Days For The Planet - This Reusable Grocery Bag is designed with sustainability in mind to encourage usage of reusable bags and reduce single-use plastic carriers.",https://www.amazon.com/dp/B0BD9FWL2W,https://m.media-amazon.com/images/I/81xQmPZPxhL.__AC_SX300_SY300_QL70_ML2_.jpg,True,In Stock
B0C6G8W6DW,1LB Crinkle Cut Paper Shred Filler for Gift Box Bag and Basket On Holidays(Beige),Gift Wrap Crinkle & Filler Paper,Health & Household,Beige,Corlcol,$14.98,4.5,136.0,"Endless Possibilities: With 1LB crinkle cut paper shred filler, you'll have plenty to fill those extra spaces in your packages. Ensure your gifts beautifully presented. > Widely Use: This is the ideal shredded paper for gift baskets, packing, shipping, and lining delicate.Whether it's an anniversary christmas, wedding, birthday or other party, our crinkle cut paper shred filler is the best choice for your gifts. > Widely Use: This is the ideal shredded paper for gift baskets, packing, shipping, and lining delicate.Whether it's an anniversary christmas, wedding, birthday or other party, our crinkle cut paper shred filler is the best choice for your gifts. > Transport Safety：Our crinkle cut paper shred filler is durable, ensuring that it stays in place and keeps your products safe during transit. > Recycled Materials: High quality recycled materials make your gift elegant and exquisite, recyclable paper is environmentally friendly.",https://www.amazon.com/dp/B0C6G8W6DW,https://m.media-amazon.com/images/I/81yiljoqy6L.__AC_SX300_SY300_QL70_ML2_.jpg,True,In Stock  In Stock
B07VFY7M2F,"Do Not Open Until December Christmas Gift Tags Stickers – 2 x 3 Inch Natural Kraft Paper Stickers – 100 Adhesive Holiday Labels with 4 Different Vintage Designs– Eco-Friendly, Made in USA",Gift Wrap Tags,Health & Household,Kraft,InStockLabels.com,$16.72,4.9,129.0,"Festive Assorted Designs: Each roll includes a variety of holiday-themed designs, such as sleighs, reindeer, postage stamps, and Santa. These fun, unique backgrounds add a festive touch to your gifts. > Natural Kraft Paper: Made from high-quality natural kraft paper, these gift tags have a rustic, vintage feel that complements all types of holiday wrapping, from classic to contemporary. > Permanent Adhesive: Designed with a strong permanent adhesive, these tags securely stick to presents, bags, or boxes, ensuring they stay in place throughout the holiday season. > Eco-Friendly Print: Printed with eco-friendly ink, making them an excellent choice for environmentally conscious gift-givers who want to reduce their holiday footprint. > Made in the USA: Proudly made in the U.S.A. and ready to ship, supporting local businesses .",https://www.amazon.com/dp/B07VFY7M2F,https://m.media-amazon.com/images/I/71FSasVhJ7L.__AC_SX300_SY300_QL70_ML2_.jpg,True,In Stock
B0747B7QXQ,"Cereals Jute Woven Bundles Coffee Bean Bags Kitchen Sundries Peas Bags Sacks Date Record Natural Burlap Bags Drawstring Reusable (3, 8.26"" X 5.9"")",Reusable Grocery Bags,Home & Kitchen,,AOBBYBBS,$15.99,4.6,236.0,"NATURAL METERIAL----Crafted Quality Natural Linen Fabric Material,Drawstring > DATE RECORD----Date marking to better record the product's validity,Stylish Linen gift bag will increase people's urge to see what is inside. Drawstring pulls and ties tight enough to secure small items > HIGH-CAPACITY----11.8*7.87inch OR 8.26*5.9inch OR 5.9*4.13inch storage capacity,can accommodate a wide variety of items with no problem > REUSABLE----A great reusable accessory in which you can store Various legumes > MULTIPURPOSE USAGE----Can be used with spices, coffee beans, soaps, soap nuts, gift cards, small food items, traveling, or simply give out as party favors for activities!",https://www.amazon.com/dp/B0747B7QXQ,https://m.media-amazon.com/images/I/61WvjcKsvcL.__AC_SX300_SY300_QL70_ML2_.jpg,True,Only 13 left in stock - order soon.
B0BGMPTHH6,"Nexmint Kraft Paper Bags 8”x10.5” Gift Bags with Handle for Birthdays, Holidays, Gifts, Party Favors, Retail, Festivities, Treats, Business, DIY Crafts (12-Pack, Red)",Gift Bags,Health & Household,Paper,Nexmint,$5.99,4.6,97.0,"DIMENSIONS - 10.5"" Tall x 8"" Wide x 4.25"" Deep Kraft paper bags with a variety of uses come in a pack of 12 > STURDINESS - Constructed from craft paper with color matching paper twist handles firmly attached to the bag, passed 16lbs weight 72 hours hanging testing > USAGE - These bags come in handy as gift bags, merchandise bags, shopping bags, favor bags, goodie bags, retail bags, Business bags, etc. and can be customized to fit any occasion. Paper twist handles allow for sturdiness and easy carrying, and the square bottom allows the bag to stand upright. > CUSTOMIZABLE -The solid color of the paper bags allows them to act as blank canvas for you to paint or embellish and are perfect for DIY crafts. You can decorate these bags as gift or party bags to add a personalized touch. > ECO-FRIENDLY - These paper bags are very environment-friendly as they are 100% recyclable and compostable, and their sturdiness allows them to be reused multiple times. The glue used is also non-toxic and eco-friendly.",https://www.amazon.com/dp/B0BGMPTHH6,https://m.media-amazon.com/images/I/61fUqvjAGTL.__AC_SX300_SY300_QL70_ML2_.jpg,True,In Stock
B0DCVCL5FD,"Wowxyz 2 LB Crinkle Cut Paper Shred Green & Red Crinkle Shredded Paper - Gift Box Baskets Bag Filler - Confetti Stuffing for Birthday, Holiday Gift Packaging Wrapping",Gift Wrap Crinkle & Filler Paper,Health & Household,Paper,Wowxyz,$14.99,4.7,133.0,"2 LB Green & Red Crinkle Paper: Made of eco-friendly and recyclable paper. Wildly used to decorate the gift boxes, gift basket, gift bags or other package. > Wide Usage Crinkle Cut Paper Shred Filler: this crinkle paper can be used in lots of occasion like holidays, birthday,wedding, anniversaries, Valentine's Day, Easter, Mother's Day, Christmas, xmas. > Shredded Paper for Gift Baskets: Fluffs or expand the crinkle paper to fill the gift boxes or basket, to make your gift more attractive and festive. 2 LB of paper shred can fill about 12pcs medium sized gift boxes. > Gift Box Stuffing: This box filler is perfect used to packing lot kind of items for gift, gives a warm fuzzy look. Perfect to fill the extra spaces in your gift boxes or basket. > Premium quality, sturdy Confetti Paper Shreds: durable shred paper makes your gift stay in place and easy to carry. Can be personal used or business used.",https://www.amazon.com/dp/B0DCVCL5FD,https://m.media-amazon.com/images/I/91c3Rb03T3L.__AC_SX300_SY300_QL70_ML2_.jpg,True,In Stock  In Stock
B088S4ZFPR,"Hallmark Christmas Wrapping Paper Rolls, Brown Kraft Snowflakes, Blue and Green Foliage, Trees Gift Wrap (Pack of 3: 90 sq. ft. ttl.) for Holiday Parties, Winter Weddings, Birthdays",Gift Wrap Paper,Health & Household,Paper,Hallmark,$16.99,4.8,2478.0,"Each roll in this 3-pack of wrapping paper measures 30 inches wide by 12 feet long for a total of 30 square feet. 90 square feet in the set. > Brown kraft paper features 3 elegant winter design: Blue and green Christmas trees, a white snowflake and dot pattern, and snowy blue-green foliage > Each roll of premium wrapping paper features grid lines on the reverse side for straight cutting and perfectly wrapped presents. > Thanks to limited ink coverage, this kraft wrapping paper can be recycled easily. > Crafted from high-quality paper materials, Hallmark's wrapping paper is made with paper from well-managed forests. Made in the USA with European paper.",https://www.amazon.com/dp/B088S4ZFPR,https://m.media-amazon.com/images/I/A1dUpSt4WrL.__AC_SX300_SY300_QL70_ML2_.jpg,True,In Stock  Only 1 left in stock - order soon.
B07H52RDW4,"KINGLAKE 328 Feet Natural Jute Twine Best Arts Crafts Gift Twine Christmas Twine Durable Packing String,Black",Twine,Tools & Home Improvement,Black,KINGLAKE,$6.99,4.7,5562.0,"【Jute Material】Made of Premium Jute,good touch feeling,easy to use > 【Perfect Thickness】Light weight.Best use for Arts and Crafts wrapping gifts,home decoration,wedding decor > 【Soft but Strong】328 Feet Twine,2mm,Packed on a coil and it is very convenient.Jute Twine grip tightly.You can cut freely according to the length you want,sturdy&durable > 【Wide Application】Use the jute twine to wrap around glasses and favors for a wedding shower ,decorate wine bottles, craft projects,decorative wrapping on gifts and gift tags,rustic and elegant looking > 【Good Helper in Life】Strong enough for hanging things,perfect to hang pictures and charms,Christmas tree ornaments",https://www.amazon.com/dp/B07H52RDW4,https://m.media-amazon.com/images/I/51NHNSv9dIL.__AC_SX300_SY300_QL70_ML2_.jpg,True,In Stock
B0B7GQ7RZ7,"KIS Premium Natural Jute Rope 6MM (1/4 Inch 50 FT), Smell Free, Crafts, Cat Scratching, Home Decor, Biodegradable, Hemp Sisal Manila, Decoration, Camping, PET Friendly - Handmade DIY - Colorful…",Rope,Tools & Home Improvement,KIS,KIS,$7.81,4.4,52.0,"PETROLEUM FREE – Finally we achieved it! We read and analyzed all of your complaints about the natural ropes. It was SMELL. And we tryied our best for you. We are aware that natural ropes are used at homes and the heavy smell of the rope can disturbs you. Anymore, we are using best quality natural raw materials in the production of the ropes to blocking petroleum smell. Now, just smell the natural jute, nothing more! > BIODEGRADABLE – This product is made out of natural fibers which is biodegradable. Protect the environment with us. > PACKAGING - We thought of everything for you. We offer our products on plastic reel so you can store the rope on the spool after using it. Also the reels are made from recycled plastic. Save the environment while having fun with your rope. > APPLICATION – You can use this rope for general purpose, such as crafting, gardening, basket, vintage lambs, home improvement, cat scratcher, boating, home decor, homemade products, vintage furnitures, and all of your handmades. > SATISFACTION GUARANTEE – If you’re not satisfied with the product you received, you can return it in 30 days, we’ll refund your money ASAP. No questions asked!",https://www.amazon.com/dp/B0B7GQ7RZ7,https://m.media-amazon.com/images/I/61H7ZBvm77L.__AC_SY300_SX300_QL70_ML2_.jpg,True,In Stock  In Stock
B0DG5MKCDC,"Paper Gift Bags with Handles, 8x4.25x10.5 100Pcs White Gift Bags Bulk, Gift Bags Medium Size Kraft Paper Bags, Wedding Gift Bag, Goody Party Favor Bags, Retail Merchandise Bags, Grocery Shopping Bags",Gift Bags,Health & Household,"Valentine's Day, Thanskgiving, Birthday, Party, Christmas, Shopping, Gift Packing",Klean & Conwenice,$19.99,4.9,47.0,"Gift Bags Medium Size: The paper bags measure 8 x 4.25 x 10.5 inches with a size deviation of plus or minus 0.25 inches; They are perfect for Valentine's Day gift bags, shopping bags, holiday gift bags, party gift bags, retail bags, merchandise bags, and wedding welcome bags > Sturdy & Durable: These gift bags are crafted from premium 110 GSM kraft paper, capable of holding approximately 10 pounds; The handles are affixed to the paper bags using professional-grade adhesive, and the reinforced bottom design enhances their sturdiness and durability > Good for Environment: These brown paper bags are made from recyclable materials and are FSC-compliant for wholesale or retail use; If you notice a slight smell, that's just the paper's natural scent, so there's no need to worry, place them in the sun for a few hours to resolve the issue > Freedom to Create: These brown paper bags have a smooth surface and excellent ink absorption, making them perfect for crafts and DIY projects; You can customize your own paper bags by drawing, stamping, adding stickers, and more > Pleasant Shopping Experience: Klean & Conwenice continuously improves our paper bags and packaging based on customer research; If you have any questions about our brown paper bags, please reach out",https://www.amazon.com/dp/B0DG5MKCDC,https://m.media-amazon.com/images/I/41R9k-9ksnL.__AC_SX300_SY300_QL70_ML2_.jpg,True,In Stock  In Stock
B0DPKH17LR,"16PCS Hemp Mats for Growing Microgreens 10"" X 10"" Jute Fiber Grow Mat Hydroponic Pads Seed Sprouting Mat Microgreens Growing Kit Indoor Organic Production for Microgreen Starter Tray Wheatgrass Sprout",Germination Trays,"Patio, Lawn & Garden","Easy to cut, Biodegradable, Durable, High Germination Rate, Breathable",Emsiok,$16.99,4.1,51.0,"Natural Material: Microgreens growing felt is made of pure natural organic hemp fibers, free of adhesives and other chemicals, and has good breathability, ideal for indoor hydroponic organic production. > Product Size: You will receive 16pcs 10*10 inches microgreens starter mats for seed starter trays, you can also cut them to the applicable size according to your usage needs, enough for daily use. > Soilless Cultivation: Hemp grow mats are more environmentally friendly and economical than other planting mats, providing a soilless growth medium for seeds, making your planting more convenient. > High water retention: The fiber texture of the sprouting mats determines that it can highly absorb water, retain enough water and allow excess water to be discharged, meeting the water needs of the seeds throughout the growth process. > Perfect Hydroponic Supplies: The microgreens growing kit provide a stable germination environment for seeds, perfect for hydroponically growing a variety of micro-vegetables, herbs and more, such as wheatgrass, bean sprouts, pea sprouts, etc., so that you can enjoy healthy organic food.",https://www.amazon.com/dp/B0DPKH17LR,https://m.media-amazon.com/images/I/8171G7Zn16L.__AC_SX300_SY300_QL70_ML2_.jpg,True,In Stock  In Stock
B07B6VYV7X,Natural Hemp Jute Twine Burlap Leaves Leaf Trim Ribbon 30 Feet 10 Yards for DIY Craft Decoration (Jute Twine Leaf),Lace,"Arts, Crafts & Sewing",David accessories,David accessories,$9.88,4.7,5251.0,"Material: polyester leaf and natural hemp jute twine > Length: 10 yards > Width: about 5mm > Great for event decorations- Perfect for sewing, scrap booking, decorating, hair bow making vintage sewing, craft projects, card, paper crafts, decorating gift baskets, accenting home textiles and many more projects > Ideal for birthdays, weddings, garments, packaging, arts and crafts, scrapbooking, centerpieces, table setting, bouquets",https://www.amazon.com/dp/B07B6VYV7X,https://m.media-amazon.com/images/I/61a1mBDVitL.__AC_SX300_SY300_QL70_ML2_.jpg,True,In Stock  In Stock
B0D4VCYDCS,"WRAPAHOLIC Kraft Christmas Wrapping Paper - Mini Roll - 17 Inch x 33 Feet - Merry Christmas Bird Design for Christmas, Holiday, Party Celebration",Gift Wrap Paper,Health & Household,Paper,WRAPAHOLIC,$9.99,4.7,282.0,"PERFECT SIZE: Each roll measures 17 inches wide by 33 feet long. > CHRISTMAS DESIGN: Kraft Christmas bird with ""Merry Christmas"" lettering design, will make your gift unique and varied. > GRIDLINES DESIGN: Each one features gridlines on the reverse side for straight cutting and perfectly wrapped presents. > PREMIUM QUALITY: Created with high-quality kraft paper materials, thick and not easily tear or rip. Item came with shrink film to prevent wrapping paper from scratches and reduce dust. > USE ALL WINTER: Perfect for Christmas, Holiday, Party. It is also great for decorating Christmas tree.",https://www.amazon.com/dp/B0D4VCYDCS,https://m.media-amazon.com/images/I/819PH5eG-FL.__AC_SX300_SY300_QL70_ML2_.jpg,True,In Stock  In Stock
B0C1J8N9P4,SMART&CASUAL 3600 Ft Natural Jute Twine String Thin Hemp for Craft Plant Garden Gift Wrapping Christmas Handmade Arts Decoration Packing String Home Decor (3600 FT * 2mm (3Ply)),Twine,Tools & Home Improvement,3600 Ft * 2mm (3ply),SMART&CASUAL,$17.99,4.7,4173.0,"【BASIC INFO】Bengal 100% Natural Jute. Φ/2 mm * 3600 Ft (1100M) twine. No mixed. No harm. > 【PURE NATURAL】Our twine is made from high-quality natural fibers. High quality, soft tone, natural texture of jute. No harmful substances, no extreme stinky smell. Eco-friendly, biodegradable, and easy to use around the house. > 【DECORATION&CRAFT】Make a pretty gift wrap, gift card string, photos string, art crafts and DIY projects. For wedding, birthday, baby shower and more, to create a handmade rural style decoration. > 【FEATURES】Our jute twines are widely used in packaging, strapping, gardening, greenhouses, pastures, bonsai because of its abrasion resistance, corrosion resistance, rain resistance and easy to use. > 【MANUFACTURER】We are the professional manufacturer engaged in the research, development, production, sale and service of many kinds of rope. Our products are exported to North America, Europe, Australia and Southeast Asia and other areas. We are committed to providing best products and services. If you have any questions, please contact us.",https://www.amazon.com/dp/B0C1J8N9P4,https://m.media-amazon.com/images/I/71ZZZs5zDbL.__AC_SX300_SY300_QL70_ML2_.jpg,True,In Stock
B0CC52KJJL,"Tuhangcc Stationery Writing Paper and Envelopes Set with Jute Rope 4 X 6 for Writing Letter, (20 Best Paper with 10 Heavyweight envelopes),by Better Gift Office Products (Grey)",Greeting Card Envelopes,Office Products,20,Tuhangcc,$13.99,4.4,34.0,"𝐓𝐨𝐩 𝐐𝐮𝐚𝐥𝐢𝐭𝐲: Our wedding invitation envelopes are made from superior 250gsm thickened paper with a clear and special grain, good texture and durability, and come with stickers and jute string to seal the envelope. > 𝐄𝐱𝐪𝐮𝐢𝐬𝐢𝐭𝐞 𝐄𝐧𝐯𝐞𝐥𝐨𝐩𝐞 𝐒𝐞𝐭: You will receive 10 envelopes + 20 sheets of letter paper + 32ft long jute rope + 10 adhesive stickers. > 𝐇𝐨𝐰 𝐭𝐨 𝐒𝐞𝐚𝐥: Having two sealing methods, you can either use small round stickers to seal the envelopes or use jute string to tie them, depending on your needs. > 𝐖𝐢𝐝𝐞 𝐀𝐩𝐩𝐥𝐢𝐜𝐚𝐭𝐢𝐨𝐧: These wonderful envelopes can be used for gift cards, business invitation cards, wedding invitation cards, baby shower and graduation party invitations, business notes, Christmas cards and more. Suitable for most venues, such as holidays, birthdays, weddings, baby showers etc. > 𝐏𝐞𝐫𝐟𝐞𝐜𝐭 𝐒𝐞𝐫𝐯𝐢𝐜𝐞:We have always been committed to bringing customers a good shopping experience. If you are dissatisfied with anything after receiving our products, please don't hesitate to contact us, and we will give you the most satisfactory answer.",https://www.amazon.com/dp/B0CC52KJJL,https://m.media-amazon.com/images/I/81lx+5wv8oL._AC_SY300_SX300_.jpg,True,
B0DSBNS5D8,12pcs Halloween Heishi Beaded Bracelets for Women-Spooky Ghost & Pumpkin Party Favors Boho Stackable Polymer Clay Bead- Stretch Friendship Bracelet Set,Stretch,"Clothing, Shoes & Jewelry",,YWOYWO,$15.95,4.7,4.0,,https://www.amazon.com/dp/B0DSBNS5D8,https://m.media-amazon.com/images/I/71wqFKq8SfL.__AC_SX300_SY300_QL70_ML2_.jpg,True,In Stock
B07DNDRSXQ,Trade Star Handmade Kilim Pillow Cover Vintage Wool Jute Cushion Cover Authentic 18x18 Inches Rug Cushion Case Ethnic Indian Square Pillow Shams Home Decor Boho Pillows for Living Room (Pattern 1),Throw Pillow Covers,Home & Kitchen,Pattern 1,Trade Star,$35.99,4.3,123.0,"70% Jute 30% Wool > PRODUCT DETAIL : Jute Wool/ Kilim Cushion Cover With Thick Cotton Backing And Zipper Pattern Made From Best Exports Quality Material. > PRODUCT SIZE: 18"" X 18"" Inches (45 X 45 Cms) Approx. Square Cushion Cover > NATURAL AND HANDMADE : This lovely handmade Pillow Cases are made with the upmost quality craftsmanship is for anyone who prefers artistry and asymmetry. A beautiful Pillow Cover to add traditional, yet modern comfort to any room. This Decorative Trow Cover blends easily and effortlessly with existing furniture and accessories and could also be used with car cushions or love seat.. > ENHANCE YOUR LIFESTYLE : These Cushion Covers are best utilized indoors is suggested. For initial weeks, shedding of material fibers is typical, and will decrease with time and use. Our Popular Life Home products are meticulously handmade by our master artisans, one piece at a time. This may result in a slight variation from one item to the next. This Package Includes 1 Piece Cushion Cover Only, Fillers/Insert Is Not Included. Color May Slightly Vary From Shown Images Due To Screen Resolution.",https://www.amazon.com/dp/B07DNDRSXQ,https://m.media-amazon.com/images/I/81iqEDVT9VL.__AC_SY300_SX300_QL70_ML2_.jpg,True,Only 5 left in stock - order soon.
B0CHVRP2SZ,"102pcs Eco-Friendly Christmas Gift Tags Stickers - 2.8""x2.2"" to from Stickers Self-Adhesive Holiday Gift Labels for Christmas Festival Presents Wrapping Envelope Seals Holiday Gift Boxes",Gift Wrap Tags,Health & Household,6.89 x 6.1 x 0.12 inches,Orlador,$5.99,4.7,39.0,"PACKAGE: 17 sheets (102 pieces) coated paper Christmas stickers with ""To"" and ""From"" Printed, 6 different patterns for Christmas design sticky tags, size is 1.73""~3"". > PERFECT STCIKERS: Beautiful cute Christmas name labels with assorted designs, and assorted sizes. Add a special touch to your Christmas wrap with decorative name stickers for your friends and family. Christmas labels are perfect for Christmas gift packages, Christmas envelopes, Christmas cards, and letters. > HIGH QUALITY: Our gift labels with self-adhesive with good quality printing, are smooth to write and your writing is not easy to run away. Moreover, a self-adhesive back makes it easier to label your presents, and this removable adhesive tag leaves no trace, easy installation, and removes without leaving residue, they will not affect your gift packaging while decorating your gift. > WIDE APPLICATIONS: The gift tags stickers Labels are an ideal addition for gift bags, goodie bags, snack bags, holiday gift tags, gift paper wrappers, and Christmas gift labels. Help decor your Christmas gifts extra special. The gift tag can also add a special touch to your Christmas tag stickers with the decorative names of your friends and family which give special meaning to your friends. > GREAT DESIGN: Many Cute Christmas Holiday Designs include: a white snowman, Santa Claus, reindeer, Christmas Tree, House, and Doll. Be popular with children and adults.",https://www.amazon.com/dp/B0CHVRP2SZ,https://m.media-amazon.com/images/I/714x7A3-jQL.__AC_SX300_SY300_QL70_ML2_.jpg,True,In Stock
B09GYPP35T,"Kitsch Recycled Plastic Large Claw Clip - Big Marble Hair Clips for Women | Jaw Clips for Girls | Big Claw Clips for Thick Hair (1pc, Blonde)",Claws,Beauty & Personal Care,Blonde,Kitsch,$9.95,4.4,202.0,"HIGH-QUALITY CLAW CLIP: Expertly crafted with a durable recycled acrylic body and professional-strength springs, the Kitsch Consciously Created Marble Claw Clip will provide long-lasting strength and a secure grip for years to come. > ANY STYLING: You'll love this large hair clip for women whether you’re flat ironing, curling, blow drying or keeping your hair in place when washing your face. This hair claw clip is designed with easy-grab handles to keep it at your fingertips for fast and easy everyday styling. > ALL HAIR TYPES: You can use this jumbo claw clip for thick, thin, curly or straight hair. Providing a secure, slip-free hold with its rounded teeth, it will hold your hair in place without causing damage. > VERSATILE USE: This large claw clip measures 3.5” L x 1.6"" H x 3.5"" W in size, making it perfect for sporting a full or partial updo, holding a messy bun, gathering hair in the back, or keeping hair in place during daily routines. > STYLISH LOOK: This large hair clip for thick hair adds style and sophistication to your hair with a beautiful marble pattern and glossy finish. Whether you’re styling a full or partial updo, you’ll look your best while being kind to the environment.",https://www.amazon.com/dp/B09GYPP35T,https://m.media-amazon.com/images/I/412-7p0BzLL._SX300_SY300_QL70_ML2_.jpg,True,In Stock
B019BNRY0U,"VHC Brands Coastal Farmhouse Jute Table Runner, Natural, 13x36",Table Runners,Home & Kitchen,VHC Brands,VHC Brands,$23.09,4.7,339.0,"100% Jute > FARMHOUSE TABLE RUNNER: Includes one 13x36 inch table runner for a perfectly prepped table with classic country charm. > JUTE BRAID: This rustic table runner is constructed with tightly woven braids made of 100 percent Jute. > FARMHOUSE TABLE DECOR: A tight, texture-rich weave in natural tones is sure to match traditional country, farmhouse, and seasonal decor. The heirloom quality makes this an excellent choice for decorative displays or to protect a delicate table surface from a hot bowl of stew on a cold day. > EASY CARE: Spot clean with a clear, mild detergent.",https://www.amazon.com/dp/B019BNRY0U,https://m.media-amazon.com/images/I/81MaVZNzGLL.__AC_SX300_SY300_QL70_ML2_.jpg,True,In Stock
B0D8WKCM91,Burlap Ribbon 1 inch x 10 Yard Natural Linen Woven Ribbon DIY Handmade Edging Production Wreath Holiday Decoration Ribbon Gift Ribbon for Gift Wrapping Jute Linen Ribbon,Ribbons,"Arts, Crafts & Sewing",JaoZuyard,JaoZuyard,$5.99,4.5,96.0,"【SIZE】1 inch linen ribbon,continuous 10 yards per spool,1 piece per package.Convenient for you to use and store > 【Quality】 Flaxen Burlap Ribbon Made of jute material,which is stiffer than cloth and does not fade easily. Same color and texture on both sides > 【RANG OF USE】 Wired edges make this ribbon perfect for Big Bow,Wreath, Tree Decor.Suitable for Halloween Decoration outdoor decoration,Christmas decoration,Farmhouse Decoration and Party decoration，Valentines decoration > 【EASY TO USE】It is a good choice for decorating different occasions，You can use scissors to cut out the length you need, and put a beautiful bow on the items you need to pack. The linen ribbons are great for holiday gift wrapping to shape your work and easily decorate it > 【Tips】If you have any questions about our ribbon, please feel free to contact us. We will reply and solve your problem within 12 hours",https://www.amazon.com/dp/B0D8WKCM91,https://m.media-amazon.com/images/I/71KwIxTZpaL.__AC_SX300_SY300_QL70_ML2_.jpg,True,In Stock  In Stock
B09MV7P72B,"Natural Kraft Holiday Gift Tag Stickers – 2 x 3 Inch Labels, Set of 25 – 4 Unique Festive Designs for Christmas Wrapping, Eco-Friendly, Made in The USA",Gift Wrap Tags,Health & Household,"Paper, Cardboard",InStockLabels.com,$10.66,4.7,469.0,"Rustic Holiday Charm: Each tag is made from natural kraft paper, featuring festive patterns that add a warm, classic look to your Christmas gifts and seasonal decorations. > Set of 25 Unique Gift Tags: Includes 25 adhesive tags with four festive designs, offering enough variety and supply for all your holiday gift-giving needs. > Writable Surface for Personalization: Each tag provides space for “To” and “From” messages, making it easy to add a personal touch to every gift with a permanent marker. > Peel-and-Stick Adhesive: The strong adhesive backing ensures these tags stay securely attached to gift wrap, bags, and boxes, saving time during holiday preparations. > Eco-Friendly and Made in the USA: Proudly crafted in the USA using eco-friendly inks, these tags are a sustainable choice for thoughtful and stylish holiday wrapping.",https://www.amazon.com/dp/B09MV7P72B,https://m.media-amazon.com/images/I/71P5Q-xi21L.__AC_SX300_SY300_QL70_ML2_.jpg,True,In Stock
B099QL8GBT,"PARSUP 8PCS Christmas Gift Bags, Tote Bags with Handles, Treat Bags, Multifunctional Non-Woven Bags for Gifts Wrapping Shopping, Xmas Party Supplies, 12.8""×9.8""×6.7""",Gift Bags,Health & Household,,PARSUP,$14.99,4.6,2536.0,"VARIOUS EYE-CATCHING PATTERNS: Christmas party bags come with 8 different original xmas patterns , such as santa snowman reindeer polar bears etc. Vibrant colors and Christmas themed patterns make them eye-catching, very suitable for gift packaging and candy containers, exquisite enough to make gift boxes that little girls and boys like, or beautiful Decorations for some Christmas holiday themed parties. > DECENT QUALITY MATERIAL: Made of high-quality non-woven fabric. The Christmas bags are sturdy and durable enough, and can be used to carry gifts to reduce the risk of tearing. You can replace your smelly plastic bags with these super stylish tote bags. > PERFECT SIZE AND PACKAGE CONTENTS: Each Christmas gift bag measures 32.5×25×17cm/12.8""×9.8""×6.7"". They are large in size and can hold items such as candies, biscuits, chocolates, cards, small toys, even shoe boxes etc. Very suitable for Christmas holiday gift packaging. This set includes 8 Christmas non-woven bags, 8 different holiday classic designs and each design has 1 piece. Well packed Give gifts to your neighbors, teachers, friends, customers, colleagues, etc. > IDEAL FOR GIFT WRAPPING DURING CHRISTMAS HOLIDAY: These Christmas Tote party bags are very suitable for most sizes of gift packaging, you can use it for Christmas parties, holiday gifts, Christmas gift packaging, Christmas decorations, wine bottle gift packaging, large gifts, friend gift bags, hospitality bags, they can hold any gift for Christmas or for kids. > GREAT CUSTOMER SERVICE - Our party bags fit for adults, girls and boys. If you have any problems, please contact us freely. We will strive to try our best to make you satisfied.",https://www.amazon.com/dp/B099QL8GBT,https://m.media-amazon.com/images/I/816o35xhwML.__AC_SX300_SY300_QL70_ML2_.jpg,True,In Stock
B0C4GZGBS8,"Mkono Woven Storage Basket Decorative Rope Basket Wooden Bead Decoration for Blankets,Toys,Clothes,Shoes,Plant Organizer Bin with Handles Living Room Home Decor, 11"" W x 11""L,White and Yellow",Laundry Baskets,Home & Kitchen,Mkono,Mkono,$19.99,4.4,4510.0,"Mkono macrame decorative basket with tassel would be a great addition to anyone's home decor. Our decorative basket fits perfectly in any living room, bedroom, bathroom,baby nursery, etc. Great gift ideas for housewarming,baby shower,Valentine's Day,also suitable for welcome gifts at job and any other occasion > Multi-use: Storage basket great for by the front door to put dog toys,blankets,kids shoes,clothes,towels ,decorative pillows,hats, scarves,books, magazines,cosmetics, headset wire, remote control, magnetic card, keys, note storage, vegetables, fruits, CD, flowers and more home supplies. fits on a bedside table, closet shelf, bookshelf, desk,floor etc. > Unique Appearance:Designed with jute string and protable handles on the basket,match with wood bead decor. And the basket is lined with a layer of cloth that prevents the twine material from sticking to the object. Minimalistic combined with rustic style, makes the whole flower basket in simple and elegant. Sturdy handles design, easy to move and take away,free awesome practical adorable jute storage bin for daily use > Multiuse for Different Scenes: Not only use it for a storage box,but also use as a basic planter cover.Use as a plant pot cover to decorate potted house planter, beautify your favourite plants, adds modern flair to home, offices, hotels. Wearing a fashion coat for your plants. Widely used it in livingroom, bedroom, restroom,dinning room,or laundry room > Material: Jute and cotton rope.The size is: 11"" W × 11"" L. Shipping folded could make the basket distort for a little, but the flaws in the bend will disappear over time. Using baskets or filling them will help speed up the process. Mkono is a registered trademark and our product is professional manufacturing and sole selling",https://www.amazon.com/dp/B0C4GZGBS8,https://m.media-amazon.com/images/I/81vYyMXRBBL.__AC_SX300_SY300_QL70_ML2_.jpg,True,In Stock
B0CQ1S261D,200PCS Valentine's Day Confetti Red Love Hearts Diamonds Love Words Decor Confetti Valentines Glitter Paper Confetti for Valentines Day Party Favor Wedding Gifts Holidays Table Favor Decorations,Confetti,Home & Kitchen,Paper,On-Airstore,$7.99,3.7,5.0,"『NICE DESIGNED PATTERNS』: On-Airstore Valentine's Day confetti is designed with the heart, including 5 different patterns such as the words ""Love"", love hearts, music notes, diamonds. Each Valentine's theme confetti pack has 200 pieces, the color is red. Enough to decorate your Valentine's Day party atmosphere. Add more table decorating options. > 『HIGH QUALITY CARD PAPER』: Our Valentines love theme confetti is made of good quality card paper with a glitter and bright color printed surface, which is eco-friendly, non-toxic and double-sided. You can collect Valentine's Day glitter paper confetti after you use it next time. It will add charm to your love-themed parties and weddings. Don't miss this opportunity to add some extra sparkle to your special day! > 『WIDE APPLICATION』: Use your imagination and creativity to decorate, you can just toss it in the air or fill balloons with confetti, sprinkle it on the desk and table to decorate. Our Valentine's glitter appreciation gift confetti is cheap and reusable. You can use them for Valentine themed home date decorations, wedding table decorations and any wedding anniversary occasion. > 『LOVELY CREATIVE GIFTS』: Valentines love hearts table paper decor confetti can be used as new and lovely decor gifts for your friends, students, family and colleagues. You can send it to them to decorate relevant love theme occasions, using imagination and creativity to make up a happy, romantic atmosphere and enjoy small gifts filled with thought. > 『WARM TIPS』: The Valentines party table confetti is made of colorful, glittery and small red card paper, which may have dropped glitter. We recommend that you clean your hands after use. Please beware of small pieces as they can present a choking hazard, so please keep away from small children or use them when accompanied by adults.",https://www.amazon.com/dp/B0CQ1S261D,https://m.media-amazon.com/images/I/81JOMH4jTvL.__AC_SX300_SY300_QL70_ML2_.jpg,True,In Stock
B07KPSYN83,"Christmas Sticker Labels,Self Adhesive Gift Stickers Holiday Gift Name Decals for Present/Wrapping Paper Decorations (100 Count)",Labels & Stickers,Office Products,Paper,WesGen,$7.99,4.7,3085.0,"Package includes: 4 sheets (100 pieces) To and From stickers in 25 different patterns for Christmas design sticky tags > Assorted designs, assorted sizes: It can meet your various needs. Plenty of space for writing and you can see them clearly. Good for Christmas gift boxes bags and presents > Each tag sticker has a spot for ""To"" and ""From"". Personalized Name Tags, you can write your wishes to your love people. These are convenient and practical > Material: Coated paper, premium material, smooth to write. These holiday gift tags with cute patterns and attractive colors which make Christmas gifts extra special this year > Apply to: You can stick them on the bookmarks, scrapbook, gifts paper wrappers, DIY handmade crafts, envelopes, packaging stamps, candies, cookies and Christmas gift label, etc.",https://www.amazon.com/dp/B07KPSYN83,https://m.media-amazon.com/images/I/71CMPo+UEGL._AC_SY300_SX300_.jpg,True,In Stock
B005P4DVDY,"nuLOOM 4x6 Daniela Jute Tassel Hand Woven Area Rug, Natural, Solid Chunky Farmhouse Design, Natural Fiber, For Bedroom, Dining Room, Living Room, Hallway, Office, Entryway",Area Rugs,Home & Kitchen,Jute,nuLOOM,$55.0,4.1,10282.0,"100% Jute, made in India > This rug boasts an organic simplicity that complements any home décor and is perfect for your bedroom, living room, dining room, kitchen, office, or entryway > Hand-woven with a .45"" medium thickness > Sprouting and debris are common due to being made from plant fibers, trim any loose threads with scissors and regularly clean under your rug > Vacuum your jute rug 1-2 times a week on the lowest power level or with handheld attachment and spot clean as needed with mild detergent",https://www.amazon.com/dp/B005P4DVDY,https://m.media-amazon.com/images/I/A1SGe2xvGtL.__AC_SX300_SY300_QL70_ML2_.jpg,True,In Stock  Only 4 left in stock - order soon.
B0CMR791Y4,"Wooden Christmas Tree Box with Forest Animal Puzzle Set – Bear, Squirrel, Fox, Deer, Elk, Eco-Friendly Holiday Gift for Kids and Adults",Tree Toppers,Home & Kitchen,,Yarunok,$29.0,,,"Create a Magical Christmas: Decorate your Christmas tree with the enchanting ""Wooden Forest Animal Christmas Tree Puzzle Gift Set"" and bring a touch of magic to your holiday season. > Five Adorable Forest Animals: The set includes five wooden forest animals – a bear, squirrel, fox, deer, and moose – to add a charming and natural touch to your tree. > Fun Puzzle Kit: Perfect for kids and adults alike, this set can also serve as a delightful puzzle kit, providing hours of creative entertainment. > Unique Holiday Gift: Make your loved ones' Christmas extra special by giving them a gift that combines tradition with creativity. > Spread Holiday Cheer: Share the joy of the season with family and friends while decorating your tree with these whimsical forest creatures.",https://www.amazon.com/dp/B0CMR791Y4,https://m.media-amazon.com/images/I/41SYVhvnFpL._QL70_ML2_.jpg,True,In Stock
B0D6W1MQ4W,"MIMUTI Christmas Wrapping Paper Rolls - Thick Kraft Holiday Wrapping Paper with Gold Foil Reindeer & Christmas Tree Design, Eco-Friendly Recyclable Wrapping Paper 17in x 33ft for Gifts",Gift Wrap Paper,Health & Household,Paper,MIMUTI,$13.99,4.8,117.0,"【Compact Size & High Quality】 - This wrapping paper Christmas roll measures 17in x 33ft, perfect for wrapping small to medium-sized gifts. The thick kraft paper ensures durability and a smooth, tear-resistant finish. > 【Festive Gold Foil Accents】 - Featuring reindeer and Christmas tree designs in vibrant green and red, highlighted with gold foil details, this holiday wrapping paper adds an elegant and festive flair to your gifts. > 【Eco-Friendly & Sustainable】 - Made from 100% recycled kraft paper, this recyclable Christmas wrapping paper is both beautiful and environmentally conscious, ideal for green-minded holiday shoppers. > 【Protective Shrink-Wrap Packaging】 - Each roll is shrink-wrapped to safeguard the gold foil wrapping paper from dust and damage, ensuring it arrives in perfect condition for your holiday preparations. > 【Ideal for Thoughtful Gifting】 - Add a luxurious touch to every present with this thick Christmas wrapping paper. Perfect for wrapping gifts for family, friends, and loved ones, spreading holiday cheer in style.",https://www.amazon.com/dp/B0D6W1MQ4W,https://m.media-amazon.com/images/I/81EIu7IwrHL.__AC_SX300_SY300_QL70_ML2_.jpg,True,In Stock
B0BNPKCKPM,"Highland Cow Christmas Ornament - Handcrafted Decor Perfect Holiday Gift for Highland Lovers Eco-Friendly Durable Ideal for Christmas Tree Women Men Kids (2 Inch, Cotton White)",Hanging Ornaments,Home & Kitchen,,N & M Printing,$7.37,4.2,78.0,"🎄Highland Cow Christmas Tree Ornament 🎄 > Homemade & Handpacked in Minnesota > 2 Inch > This listing is for a single ornament, we also offer 3 & 4 packs! > Crafted from durable, eco-friendly materials that ensure longevity and a premium feel.",https://www.amazon.com/dp/B0BNPKCKPM,https://m.media-amazon.com/images/I/41P0Fu91OqL._QL70_ML2_.jpg,True,Only 17 left in stock - order soon.
B0D17L7SXB,"BEL AVENIR Magnetic Jute Curtain Tiebacks, Decorative Drapery Holdbacks Bohemian Style Woven Tie-Backs with Exquisite Knot (Jute, 6 Pack)",Holdbacks,Home & Kitchen,BEL AVENIR,BEL AVENIR,$22.99,4.6,457.0,"No Drilling and Installation: No need any tools,no drilling your wall,easy to operate,hold your curtain in seconds. The magnetic tiebacks for drapes will not damage the wall, and you don’t need to worry about the extra curtain hooks hurting the child. It is a perfect substitute for wall-mounted hooks and could be tied on anywhere. > Premium Material: The decorative curtain tiebacks with exquisite knot is hand-woven with premium jute materials which has fresh color and fine lustre. The braided rope has high strength, strong toughness, is not easy to wear or pilling, and the magnet parts are smooth, durable and anti-rust, adding a modern beauty to your windows. > Easy to Use: The curtain tiebacks can fix or loosen the curtains within a few seconds. You can use different methods according to your preferences to make your curtains achieve the best beauty. In addition, when you are not using the tieback, it can be fixed to any position of the curtain with a magnet to prevent loss. > Wide Application: Different colors of magnetic tiebacks adorn your curtains, which can can be matched with different styles, giving the curtains a unique charm. It is widely used in curtains in different places such as bedroom, living room, dining room, bathroom, kitchen, office, courtyard and so on. > Package Included: 4 pack curtain tiebacks. Total length: 44.5 cm/ 17.5 in; We want to do our best to meet your expection, Your satisfaction is our top priority. If you have any questions when using our products, you can let us know by email and we will answer you as soon as possible.",https://www.amazon.com/dp/B0D17L7SXB,https://m.media-amazon.com/images/I/71sHBgaSDmL.__AC_SX300_SY300_QL70_ML2_.jpg,True,In Stock
B08DRLPJNK,"KIS Premium Quality Natural Jute Rope 12 MM (1/2"" 100 ft) Petroleum Smell Free, Natural, Biodegradable, Hemp Rope, Great for Crafting, Decoration, Camping, PET Friendly",Rope,Tools & Home Improvement,KIS,KIS,$29.99,4.6,525.0,"PETROLEUM FREE – Finally we achieved it! We read and analyzed all of your complaints about the natural ropes. It was SMELL. And we tryied our best for you. We are aware that natural ropes are used at homes and the heavy smell of the rope can disturbs you. Anymore, we are using best quality natural raw materials in the production of the ropes to blocking petroleum smell. Now, just smell the natural jute, nothing more! > BIODEGRADABLE – This product is made out of natural fibers which is biodegradable. Protect the environment with us. > PACKAGING - We thought of everything for you. We offer our products on plastic reel so you can store the rope on the spool after using it. Also the reels are made from recycled plastic. Save the environment while having fun with your rope. > APPLICATION – You can use this rope for general purpose, such as crafting, gardening, basket, vintage lambs, home improvement, cat scratcher, boating, home decor, homemade products, vintage furnitures, and all of your handmades. > SATISFACTION GUARANTEE – If you’re not satisfied with the product you received, you can return it in 30 days, we’ll refund your money ASAP. No questions asked!",https://www.amazon.com/dp/B08DRLPJNK,https://m.media-amazon.com/images/I/81oJsR7HQFL.__AC_SY300_SX300_QL70_ML2_.jpg,True,Only 3 left in stock - order soon.  Only 3 left in stock - order soon.
B0C69MBQDW,"15.7"" Extra Large Brown Gift Bags for Presents with Tissue Paper & Ribbon Handles for Shopping, Small Business, Birthday Party, Baby Shower, Bridal Party, Wedding, Christmas and Holiday (12 Packs)",Gift Bags,Health & Household,High Quality Thick Paper,Plauthus,$15.99,4.6,753.0,"Extra lager brown paper bag size: 15.7"" L x 5.9"" W x 11.8"" H. You will get 12-pack white gift bags and a total of 36 pieces of tissue paper. We matched each bag with two different kinds of tissue paper, which will be more convenient for you to wrap your gifts to be more noble and beautiful. > 【High Quality】: Our brown gift bag is made of high-quality 260gms thick, natural paper, which is recyclable and eco-friendly. The bag is sturdy and durable to be reused for many times. > 【Ribbon Handle & Tissue Paper】: The widend ribbon handle allows you to carry heavy objects without feeling uncomfortable. Each bag is matched with three sheet of tissue paper, one white and two brown stripe. It will makes the gift look exquisite. You also can DIY pattern on the bags according to the theme of your party and the festival to make gifts more sweety and lovely, such as weddings, birthday party, theme parties, Christmas and other festivals. > 【Multiple Uses】: Paper bags can be used for many purposes in various occasions, such as packing bread, food, books, or as gift bags for gift, clothing, toys, flowers, etc; many occasions, for example, weddings, birthday party, baby shower party, theme party, supermarket, small stores business, grocer, company and other occasions. > 【24-Hour Service】: If you have any questions or problem, you just can contact us without any hesitation. We will answer any questions you have within 24 hours and give you a satisfactory solution.",https://www.amazon.com/dp/B0C69MBQDW,https://m.media-amazon.com/images/I/61qz9Qh2IzL.__AC_SX300_SY300_QL70_ML2_.jpg,True,In Stock  In Stock
B082MBMBT1,"Large Woven Jute Rope Storage Basket, Baby Laundry Basket Organizer for Toys, Blanket, Clothes, Towels, Gifts | Pet Gift Baskets for Cat, Dog - 15.7"" L×11.8"" H",Baskets & Liners,Baby Products,HiChen,HiChen,$24.99,4.8,6855.0,"Dimensions: 15.7"" L × 11.8"" H. Can be used as a storage basket to organize your blankets, clothes, toys, etc, or as a pet basket to let your cats, dogs and other small animals sleep in. It will be the warmest home for these small animals if you put a cushion in the basket > Special Design: The design of cat ears is novel and unique, which can be used as a decoration or handles for easy lifting > Washable: Best way to clean the rope basket is spot wash with warm water and dry in the sun or near a radiator. Stubborn stains can be washed with a little baking soda paste and warm water. Hot water will shrink the cotton > Material: jute rope is good for your family. Please put your things in the woven rope basket with an easy mind > Neutral color and cute cat face design of the pet basket is delicate and lovely, which can be a good decoration of your space",https://www.amazon.com/dp/B082MBMBT1,https://m.media-amazon.com/images/I/81JNRTo7qQL.__AC_SX300_SY300_QL70_ML2_.jpg,True,In Stock
B0CXPCQ4QP,Cotton Rope Laundry Basket Hamper for Clothes Woven Storage Basket for Living Room Bedroom Boho Tall Rope Baskets for Blanket Toys Pillow Towels Baby Nursery Hamper Bin Large jute,Hampers,Baby Products,jute,XUANGUO,$33.87,4.7,1117.0,"Cotton rope > Multi-purpose large tall rope basket: Our tall rope laundry hamper with handles measures 16""D x 23""H. It is designed as a laundry basket or dirty clothes basket but can be used for much more. You can use it as a blanket basket, toy basket, nursery hamper for girls or boys, throw pillow hamper basket, towel basket, and more. The usage possibilities are endless. > Natural, safe, and durable decorative laundry basket or laundry bin for storage: We use heavier and non-toxic coiled cotton rope to ensure the quality of this cute tall rope basket. These tall round rope baskets or laundry hampers are safe for both people and pets. They are odor-free and soft, making them foldable and easy to store. > Designed to complement your room and decor: We have carefully selected classic solid colors for these rope basket bins or hampers for laundry. With these colors, the laundry hamper will look good in any room of your home. This tall round rope blanket storage basket enhances any room or decor. It is perfect for bedrooms, bathrooms, and dorm rooms. These aesthetic rope baskets or hampers for bedroom are essential items for your daily storage needs, helping keep your room clean and organized. > Tall storage basket with handles: This cute tall round rope basket is designed with long and sturdy handles, making it easy to move around. As the clothes storage basket is made of soft cotton rope, it has no sharp edges and will not scratch your furniture or floor.",https://www.amazon.com/dp/B0CXPCQ4QP,https://m.media-amazon.com/images/I/911vAW9ZFLL.__AC_SX300_SY300_QL70_ML2_.jpg,True,
B08T1JJHGQ,"Absorbent Drink Coasters Handmade Braided Drink Coasters 6 Pack (4.3 Inch, Round, 8mm Thick) Super Absorbent Heat-Resistant Coasters for Drinks Great Housewarming Gift (Jute, 6 Pack)",Coasters,Home & Kitchen,XIAMOOR,XIAMOOR,$6.59,4.8,4972.0,"🍷 BETTER PROTECTS YOUR FURNITURE- Thicker(8 mm) , bigger(4.3 inch) & much more absorbent & heat-insulated than typical cork coasters, these coasters can better protect your furniture, tabletops & counter tops. > 🥂 MULTI-FUNCTIONAL & EASY TO CLEAN – Thicker, bigger, and softer, these coasters can be used as drink coasters as well as potholders. Easy to clean, more convenient to clean than cork coaster, just rinse it by water and hang up to dry. > 💪 BUILT TO LAST – Made from cotton yarn material, each of our drink coasters is strong and sturdy enough to last for years. > 🌲 ENVIRONMENTALLY FRIENDLY - The coasters are made out of 100% eco-friendly organic cotton yarn. With our natural and recyclable coasters, you can protect not just your tables but also the environment. > 🎁 PRACTICAL GIFT FOR FAMILIES – Headed to a housewarming party or visiting a friend in their new house? This coaster set makes for a great hostess gift and useful kitchen gift!",https://www.amazon.com/dp/B08T1JJHGQ,https://m.media-amazon.com/images/I/81T+hc6IVRS._AC_SY300_SX300_.jpg,True,In Stock
B0DM26PRQD,Unscented Taper Candles Dripless Ivory Yellow Spiral Candles Smokeless Long Dinner Candles 10 Inch Long Lasting Burn Roman Column Candlesticks for Home Decoration Holiday Gifts,Taper Candles,Home & Kitchen,"0.9""W x 10""H",ZECHKAVAA,$28.99,4.5,35.0,"【DRIPLESS TAPER CANDLES】Our candles are designed to be non-drip, unless placed in a breezy space or at an angle on the candlestick.Our candle sticks are made of high purity paraffin,clean cotton wicks,and eco-friendly dyes. > 【UNSCENTED LONG DINNER CANDLES】Our dinner taper candles are unscented, ensuring your home stays clean from toxic fumes and unpleasant smells. > 【LONG LASTING BURN CANDLES】Our candlesticks feature a graceful cute taper candle shape that allows for a long burning time. You can enjoy their warm glow for 6-9 hours on end. The candlesticks are 3/4 inch in size, making them suitable for any standard candlestick holder. > 【HANDMADE CANDLESTICKS】Each spiral taper candle is unique and due to its handmade nature,THERE MAY BE SOME MOLD MARKS,WAX FROST OR SMALL BUBBLES ON THE SURFACE, but these don't affect the quality of the candles. Pure handmade candles have different temperatures for each batch, so the color of the candlesticks will also change slightly. > 【UNIQUE TAPER CANDLES GIFT】Our taper taper candles make the perfect dining accompaniment and a Perfect gift for lovers, mothers, and friends.Our Unique color candlesticks feature a wax ingredient and ocean ripple shape, making them suitable for any interior design style.",https://www.amazon.com/dp/B0DM26PRQD,https://m.media-amazon.com/images/I/61fbLatF5mL.__AC_SY445_SX342_QL70_ML2_.jpg,True,Only 5 left in stock - order soon.
B0CC9X5PRB,"Mistletoe Holiday Gift Tags – 2 x 3 Inch Adhesive Labels with 4 Festive Mistletoe & Holly Designs – 100 Eco-Friendly Kraft Tags, Permanent Adhesive, Made in The USA",Gift Wrap Tags,Health & Household,Paper,InStockLabels.com,$17.78,4.8,8.0,"Festive Mistletoe Designs: Each 2 x 3 inch tag showcases one of four unique mistletoe and holly designs, adding a warm, seasonal touch to your holiday presents and decorations. > 100 Labels Per Roll: Each roll includes 100 labels, ensuring you have plenty to decorate gifts of all sizes. Perfect for spreading holiday cheer with every package you wrap. > High-Quality Kraft Material: Crafted from natural kraft paper, these tags offer a rustic, eco-friendly look that complements any gift wrap, adding a charming, traditional touch. > Strong Permanent Adhesive: Designed to stick firmly to most surfaces, the permanent adhesive ensures secure placement on gift wrap, bags, and boxes, without slipping or peeling. > Eco-Friendly and Made in the USA: Printed with eco-friendly inks in the USA, these tags support sustainable choices in holiday gifting, combining style with environmental responsibility.",https://www.amazon.com/dp/B0CC9X5PRB,https://m.media-amazon.com/images/I/61uupZiwssL.__AC_SX300_SY300_QL70_ML2_.jpg,True,Only 2 left in stock - order soon.
B0CN4HHBKK,"9Set Microgreens Growing Mat with Tray, Microgreen Growing Kit 10″×10″ Wheatgrass Seed Sprouting Starter Mat Hemp Fiber Grow Tray Hydroponic Jute Pads Indoor Organic Production for Germination Sprouts",Germination Kits,"Patio, Lawn & Garden",Cordless,Mofuiry,$23.99,4.1,79.0,"🌱 Complete Growing Kit- You will receive 9 set of microgreens growing kits, including 9 pieces microgreens seed sprouting mat and 6 seed starter tray without drain hole, sizing 10″×10″, which helps you plant microgreens at home easily without other tools. > 🥬Seed Sporoting Easily- The structure of jute microgreens growing mat is good for seedling rooting and the jute mat provides good support for micro greens grow stronger and quickly, which increases germination rate of seeds. > ☘️ Organic Growing Mat- Our microgreens growing mat is made of 100% natural jute, using this organic hemp fiber is eco-friendly, after sprouting microgreens, you can use it to make plant basket, small planter for seedlings or compost. What a greener way! > 🌿 Reusable Growing Trays- Our microgreens growing tray without holes is made of BPA-free plastic, do no harm to the seedlings, besides, we adopted more thicker material to made these wheatgrass sprouting tray, servicing you for more years. > 🥗 Start Healthy Life- With this microgreens growing kit, you can plant multiple kinds of vegetables at home for your families to stat a healthy life, such as wheatgrass, herbs, pea shoots, mocrogreens, barley grass and so on.",https://www.amazon.com/dp/B0CN4HHBKK,https://m.media-amazon.com/images/I/81BqHADEoPL.__AC_SX300_SY300_QL70_ML2_.jpg,True,In Stock
B0D8HP7DQW,"Creative Food-Themed Drop Dangle Earrings Set – Handmade Bubble Tea, Teddy Bears, Desserts, and Candy Designs with Eco-Friendly & Hypoallergenic Materials for Daily Wear or Gift.",Drop & Dangle,"Clothing, Shoes & Jewelry",,minihope,$9.99,4.9,27.0,,https://www.amazon.com/dp/B0D8HP7DQW,https://m.media-amazon.com/images/I/718zNZfRRcL.__AC_SX300_SY300_QL70_ML2_.jpg,True,In Stock
B0C5JVV39S,"Arcadia Garden Products Confetti Cut Kraft Paper Shred Filler, Recyclable Packing for Packaging, Shipping, Moving, Cushioning, Gift Baskets, Gift Wrapping, Holidays, and Crafts, 1 lb",Gift Wrap Crinkle & Filler Paper,Health & Household,"8""L x 8""W",Arcadia,$12.99,4.2,19.0,"Includes: One pound of confetti-cut Kraft paper in an 8x8x8 box > Confetti-Cut: Averaging a little over an inch in length, these shorter strands pack tightly and uniformly, ideal for supporting and cushioning fragile items > Versatile: Used for a wide range of purposes, including packing material, gift baskets, gardening projects, crafting, worm compost bedding, and more > Recyclable: Shredded paper is manufactured from renewable materials and is an affordable and sustainable alternative to other types of packaging materials, such as bubble wrap or Styrofoam peanuts > Durable: Crafted from 50 lb Kraft paper renowned for its exceptional strength and durability, this material is the perfect choice for an array of applications",https://www.amazon.com/dp/B0C5JVV39S,https://m.media-amazon.com/images/I/91aG-v49yAL.__AC_SX300_SY300_QL70_ML2_.jpg,True,In Stock  In Stock
B0CR8ZXG4K,"YEEHAW White Gift Bags with Handles Bulk 5.25""x3.25""x8.25"" 50Pcs, Minimalist, Eco-Friendly, Perfect for Weddings, Birthdays, Holidays, Retail Merchandise, Party Favors",Gift Bags,Health & Household,Paper,YEEHAW,$15.98,4.7,260.0,"Eco-friendly Paper Bags: These 50 Paper gift bags are made from high-quality, recyclable kraft paper, no peculiar smell and look a lot classier as gifts bags,these bags are an eco-conscious choice for those looking to minimize environmental impact. > Sturdy & Durable: Made of 110GSM kraft paper,engineered to hold a variety of items securely, with reinforced handles and a solid base that ensures your gifts stay safe and intact. > Versatile Use: Length 5.25 inch, width 3.25 inch, tall 8.25 inch,perfect for any occasion, from retail merchandise bags to party favors, weddings, birthdays, and holiday gifts, offering a blend of practicality and elegance. > DIY: These plain kraft bags serve as a blank canvas for personalization, allowing you to add your unique touch with stickers, stamps, or ribbons. They can be transformed into unique gift bags for various holidays through drawing, coloring. > Service Quality Assurance: We never want to make our valued customers disappointed. If there's any reasons you’re not happy with our gift bags, just email us and we’ll fix it up asap.",https://www.amazon.com/dp/B0CR8ZXG4K,https://m.media-amazon.com/images/I/61cj861T+yL._AC_SY300_SX300_.jpg,True,In Stock  In Stock
B0DL5DTP3J,"LCD Writing Tablet for Kids - 8.5 Inch Colorful Dinosaur Doodle Pad, Educational Drawing Board, Gift for 3-8 Year Old Boys and Girls, Ideal for Birthday, Party, and Learning Fun (Standard)",Doodle & Scribbler Boards,Toys & Games,H053-3,MOOWALIS,$9.99,4.7,69.0,"Multi-functional Kids Toy with a Christmas Twist: This LCD Writing Tablet makes the perfect holiday gift! It encourages creativity, develops focus, and exercises writing and drawing skills. Kids can doodle, draw, spell, and explore math—all with vibrant colors that inspire endless Christmas-themed creativity. This tablet is sure to provide hours of joyful entertainment for little artists. > Eco-Friendly Educational Toy: Featuring a pressure-sensitive LCD screen, this doodle pad is a mess-free alternative to crayons and pencils. Kids can easily create and erase with the push of a button. The lock function ensures their holiday masterpieces won’t be erased by accident. This is a festive, fun addition to any toy collection! > Dinosaur Drawing Tablet for Holiday Gifting: The 8.5-inch screen uses eye-protective materials—no backlight, blue light, or irritation, which protects kids’ eyes. The durable ABS shell and stylus are BPA-free and burr-free, making it a safe and trusted choice for parents this holiday season. > Perfect Travel Toy for Kids: Lightweight and portable, this drawing pad is ideal for holiday travel. Kids can draw, write, and take notes without any mess, and its long-lasting battery ensures hours of creative fun wherever they go. Ideal for kids ages 3-8! > Easy to Use & One-Click Erase: To erase, simply press the round erase button. Use the lock switch to keep favorite drawings intact. Note: Minor scratches from packaging may appear but will clear with the erase button.",https://www.amazon.com/dp/B0DL5DTP3J,https://m.media-amazon.com/images/I/71FGJiD14GL.__AC_SX300_SY300_QL70_ML2_.jpg,True,In Stock
B0D8SCL7G2,OIDIMS Vintage Bohemian Gypsy Coin Tassel Bracelet for Women Colorful Tribal Ethnic Retro Indian Boho Traditional Statement Design Bracelet Sunflower Wedding Party Wear Festival Holiday Jewelry Gift,Link,"Clothing, Shoes & Jewelry",,OIDIMS,$8.99,,,,https://www.amazon.com/dp/B0D8SCL7G2,https://m.media-amazon.com/images/I/61gnXyy47tL.__AC_SX300_SY300_QL70_ML2_.jpg,True,In Stock
